tid,artist_name,title,genre,topic
TRATYJI128F4255D27,Bombay Rockers,Rock Tha Party,Pop,10
TRANIWL128F4262AB0,Bare Jr.,Tobacco Spit,Rock,10
TRABXPR128F92F27FE,Cauterize,Shooting Stars,Rock,8
TRALAZG128F93170BF,Juana Molina,Micael,Latin,2
TRABKBS128F42823EC,A Static Lullaby,God Bless You (Goddamn it),Rock,21
TRAZYQU128F934AC32,Lizzy Borden,Psychopath,Metal,12
TRAEVLO128F933DE9E,Fiona,No More Lonely Nights,Reggae,16
TRARDJY128F14750EA,30 Seconds To Mars,Year Zero,Rock,16
TRARSKA128F9336A04,Britney Spears,3,Pop,3
TRAKDDB128F92D168A,Lee Ritenour,Is It You?,Jazz,14
TRAGLSU128F145FFB2,K-OS,Heaven Only Knows,Rap,8
TRBCRDW128F422D8BA,Keep Of Kalessin,As Mist Lay Silent Beneath,Rock,23
TRAAGEC128E079252C,Nine Inch Nails,Metal,Electronic,12
TRBBOUN128F425A4E6,Rick Astley,Hopelessly,Pop,12
TRAXUPN128F42855C8,W.A.S.P.,Heaven's Hung In Black (Reprise),Rock,1
TRAZCSY128F42683F2,Pretty Boy Floyd,Shut Up,Rock,12
TRAPZQI128F428CF18,Amorphis,And I Hear You Call,Metal,23
TRAVVBW128F42819B2,Belle & Sebastian,Stay Loose,Rock,16
TRBHZUN12903CA60F7,Charlotte Gainsbourg,IRM,Pop,12
TRAASQC128F93480F0,Rise Against,Amber Changing,Punk,8
TRAEVRU128F4263351,Teena Marie,Light,RnB,23
TRAPIIR128F42AEE95,RUN-DMC,Miss Elaine,Rap,22
TRADHLI128F428FEFD,Suicidal Tendencies,Human Guinea Pig,Metal,12
TRANRWM128F42873F9,Eyes Set to Kill,Liar in the Glass,Rock,1
TRBETHV128F429722F,Andy & Lucas,Hasta Los Huesos,Pop,2
TRBDDKF128F426BF7B,Fleet Foxes,English House,Rock,14
TRBAIKM12903CBCF21,Colin James,Better Days,Blues,8
TRAUZVU12903CC050D,The Shangri-Las,Remember (Walkin' In the Sand),Rock,14
TRANYAM12903CD9CFC,Dax Riggs,Night is the Notion,Rock,16
TRAEWLF128F42B1F89,Information Society,More to This,Pop,8
TRBBMPH128F1469775,Mike And The Mechanics,Seeing Is Believing,Rock,21
TRABHVL128F92EFB0E,Bullet For My Valentine,Suffocating Under Words Of Sorrow (What Can I Do),Metal,12
TRAIZWI128F4247EFD,Ashton Shepherd,Old Memory,Country,21
TRAHVUK128F1456988,The Roots,The Ultimate,Rap,3
TRABGMB12903CF50FE,Die Fantastischen Vier,Böse,Rap,15
TRBFXVN128E078CF62,Cactus,Bro. Bill  (LP Version),Rock,21
TRAAQBF12903CF796B,Hem,Have Yourself A Merry Little Christmas,Rock,18
TRAFWEV128F428D391,Cake,Alpha Beta Parking Lot,Rock,12
TRAVYXL128EF34722F,Novembre,Reason,Metal,8
TRAZRAR128F1477778,The Four Pennies,Juliet,Pop,14
TRAGBHV128F4295074,Goldfinger,I'm Down,Rock,8
TRAUJPQ128F930D4C5,Showbread,Nothing Matters Anymore,Rock,23
TRAAMPA128F92E7D0D,Descendents,Orgofart,Punk,12
TRAEXEA128F933C67D,Pursuit Of Happiness,Hard To Laugh,Rock,5
TRALDDK128F9300AC5,Thrice,The Earth Will Shake,Rock,1
TRATGQO128F421B850,Elvenking,Pathfinders,Metal,8
TRAAXMX128F9307699,Till West & DJ Delicious,Same Man,Electronic,4
TRAYMKM128F4277046,Simon & Garfunkel,Patterns,Rock,12
TRBARSX12903D03AE5,Sade,Morning Bird,RnB,23
TRAKMLM128F14932B0,L.A. Guns,Some Lie For Love,Rock,12
TRAGKUI128F92F4698,Mithotyn,Guided By History,Metal,23
TRASIKP128F423EED7,Basement Jaxx,La Photo,Electronic,0
TRBBQFV128F4252EFF,Jack Johnson,Adrift,Pop,8
TRALEPN128F9311179,Arctic Monkeys,Dancing Shoes,Rock,7
TRACOHQ128F424C5EF,Chimaira,The Flame,Metal,23
TRAXJHG128F427EA02,3 Doors Down,Be Like That,Rock,21
TRAORSC128F4235056,MxPx,Time Will Tell,Punk,12
TRAMPCW128F92CC022,Simon & Garfunkel,A Simple Desultory Philippic (Or How I Was Robert McNamara'd Into Submission),Rock,8
TRAKBON128F9311039,The Rolling Stones,Around And Around,Rock,10
TRABNET128F14560AC,J.J. Cale,Trouble In The City,Rock,18
TRBHBGB128F931E4CF,Hall & Oates,Fall in Philadelphia,Rock,16
TRARPCK128F92FEA7F,Grizzly Bear,Little Brother,Rock,21
TRAJFRJ128F9328FF1,B.B. King,Early In The Morning,Blues,16
TRABLGI128F42B867A,Eighteen Visions,Our Darkest Days,Rock,23
TRAFJVH128F42BC25E,DJ Quik,Pitch In OnA Party,Rap,20
TRAHKMS128F934B09E,Lizzy Borden,There Will Be Blood Tonight,Rock,23
TRBHNEU128F426E873,Mary Black,Flesh And Blood,World,12
TRAONYI128F9324BA3,Patricia Kaas,Elle Voulait Jouer Cabaret,Pop,0
TRATGTP128F427021D,Neil Diamond,Hey Louise,Rock,22
TRAWYNV128F92F5E7E,Guns N' Roses,Catcher In The Rye,Rock,12
TRACKWV128F934B6B0,Goatwhore,Forever Consumed Oblivion,Rock,23
TRAHZIL12903CF1DC2,Blind Willie Johnson,If I Had My Way I'd Tear This Building Down,Blues,21
TRABOXX128F92F29EB,Owl City,Panda Bear,Pop,1
TRAXUBG128F9332164,The Sonics,Love Lights,Rock,18
TRBBJAJ128F425DA40,Jane's Addiction,True Nature,Rock,21
TRAVMXD12903CBBD0B,Jimi Hendrix,Once I Had A Woman,Rock,18
TRASDGG128F933EDE2,Anti-Flag,On Independence Day,Punk,12
TRBCJSZ128E07969B5,Coldplay,The World Turned Upside Down,Rock,8
TRAYLRT128F42605AF,The Verve Pipe,La La,Rock,14
TRBFOEA128F425D2DB,John Fogerty,Soda Pop,Rock,4
TRARIZK128F92FF27A,John Cale,Antarctica Starts Here,Rock,1
TRBCGXN128F148C0CD,Paul Stanley,Move On,Rock,8
TRATBGP128F1482545,Happy Mondays,Olive Oil,Rock,14
TRACLRS12903CE9386,Tammy Wynette,Stand By Your Man,Country,14
TRAGDLM128F4233397,Mago de Oz,Desde mi cielo,Rock,2
TRALNJR128F145AC96,Beastie Boys,Shadrach,Rap,22
TRAAIHL128F92E6DDA,Boyz II Men,On Bended Knee,RnB,21
TRAMBFD128EF34B848,MIMS,Cop It,Rap,20
TRAVKJJ128F424DA32,Rickie Lee Jones,Second Time Around,Pop,8
TRASLVK128F935046C,Gustavo Cerati,La Excepcion,Rock,2
TRAACER128F4290F96,The Dillinger Escape Plan,Setting Fire to Sleeping Giants,Metal,12
TRABPUI12903CF22CE,Turisas,Sahti Waari,Metal,13
TRAZYQF12903CE3DA5,Valient Thorr,Problem Solver,Rock,8
TRATHFM128F148ADD4,Eastmountainsouth,Hard Times,Rock,1
TRAILKS128F14A3AC9,K-OS,AquaCityBoy,Rap,24
TRANCFS12903C9B61B,Belle and Sebastian,Like Dylan In The Movies,Rock,24
TRAYUWU128F423F66D,Charley Patton,Mississippi Boweavil Blues,Blues,21
TRAKUJS128F14668E5,Butthole Surfers,Ulcer Breakout,Rock,20
TRALMTD128E07862AC,Redman,Jam 4 U,Rap,24
TRACNXS128F93395BA,Ten Years After,Victim Of Circumstance,Rock,7
TRAWWHT128F426894E,Hem,When I Was Drinking,Country,8
TRAMTYX128F42985D0,The Misfits,Halloween II,Punk,23
TRBFBOG128F9356C6E,EPMD,Head Banger,Rap,22
TRBAHBP128F42985D6,The Misfits,We Bite,Rock,19
TRADAFY128F145B77B,Marlene Dietrich,Auf Der Mundharmonika,Jazz,15
TRALEER128F4268E6D,Erick Sermon,Freak Out,Rap,24
TRAATNJ128F42631BA,Korn,Ever Be,Metal,8
TRALUTY128F9322DC0,2 Minutos,Como Caramelo De Limón,Rock,2
TRASAIH128F931F567,Thrice,Betrayal Is A Symptom,Rock,12
TRBEATE128E078F0D8,Bon Jovi,Only Lonely,Rock,14
TRBECKU128F428B08A,Erick Sermon,I'm Hot,Rap,9
TRAEASY128F148247C,Charlotte Gainsbourg,Tel Que Tu Es,Pop,0
TRAKZHN128F426C3D2,Aerosmith,On The Road Again,Rock,17
TRAETAG128F93385AE,Jean-Jacques Goldman,Là-Bas,Rock,0
TRAUYLT128F427538E,Dope Stars Inc.,Chase The Light,Electronic,8
TRBCSDW128F424D686,The Maine,You Left Me,Pop,17
TRBHQUM128F9309DE1,Broadcast,Michael A Grammar,Rock,6
TRBHSMF128F4285B9C,Jeff Scott Soto,If This Is The End,Rock,8
TRBBHFE12903CA5EEB,Paris_ Texas,Hip Replacement,Rock,1
TRACYCJ128F9309246,Britney Spears,Don't Go Knockin' On My Door,Pop,21
TRAHLDM128F933A3B1,Sui Generis,Bubulina,Rock,2
TRAYZZB128F425B73A,Christina Aguilera,Genio Atrapado,Pop,2
TRAEPGQ128F932AE6D,Loretta Lynn,I Can't Feel You Anymore,Country,8
TRAQEKD128F425293D,Auf Der Maur,Taste You,Rock,4
TRATAIB128F92E81CB,Dishwalla,Moisture,Rock,17
TRABUDK128F14943F3,Donny Hathaway,This Christmas (LP Version),RnB,18
TRAHKRO128F9320EA7,The Tragically Hip,The Drop-Off,Rock,16
TRBHMZS128F42658FF,Three 6 Mafia,Money Didn't Change Me,Rap,21
TRAKWZL128F93346EE,The Gufs,Last Goodbye,Rock,15
TRAHCBD128F9336A3E,Toots & The Maytals,Sweet & Dandy,Reggae,6
TRAJNWY128E078907F,Cut Copy,Future,Electronic,18
TRAOMMU128F933878B,Guitar Slim,The Things That I Used To Do,Blues,14
TRAZWGV128F425DA7C,Tracy Byrd,Just Let Me Be In Love,Country,2
TRBCGKB12903CC0031,Robert Palmer,Some Guys Have All The Luck,Rock,9
TRAHFOU128F42B3F2A,Rakim,Outro,Rap,20
TRAKXYJ128F42525ED,Agnostic Front,Undertow,Punk,8
TRARKEH128F1463CB2,The Sensational Alex Harvey Band,Delilah,Rock,13
TRATCLI128F422BCF8,RyanDan,Wind Beneath My Wings,Pop,1
TRBFYKT128F428AFF7,Phil Vassar,Like I Never Loved Before,Country,12
TRBBXEG128F424EC2C,April Wine,Babes In Arms,Rock,14
TRALJBT128F4266FD8,Jennifer Lopez,Play,RnB,7
TRABUVN128F930633C,De La Ghetto,Es dificil,Latin,2
TRAMVOM128F42ACB16,Faithless,Take The Long Way Home,Electronic,14
TRAMCGL128F92F3D87,The Mars Volta,Eriatarka,Rock,8
TRALROP128F92CA9CC,Foo Fighters,Next Year,Rock,16
TRAAZQW128F93430DC,Shawn Colvin,Another Long One,Folk,16
TRAGCTZ128F4290974,Restless Heart,That Rock Won't Roll,Country,4
TRAZOSB128F9302A07,Maroon 5,This Love,Rock,17
TRANREH128F93462CF,Kurupt,Girls All Pause,Rap,20
TRBGBIK128F4294A67,Samy Deluxe,Denk,Rap,15
TRAZVFJ128F9310CE2,Radiohead,Vegetable (Live),Rock,17
TRAEBXS128F429933A,Britney Spears feat. Pharrell Williams,Boys,Pop,11
TRAJSRH128F425DDC7,Beyoncé,Irreplaceable (Irreemplazable),RnB,8
TRAYJHF128F4294CB8,K'Naan,Smile,Rap,21
TRBCYOI128F1455566,Beastie Boys,Crawlspace,Rap,24
TRADJHU128F425459F,Novembre,Triesteitaliana,Metal,17
TRANTFR128F931C7DA,The Almost,Books & Books,Rock,12
TRANEQB128F4284978,Mary Black,Katie,World,11
TRAVPHL128F424EAE1,3 Doors Down,Who Are You,Rock,8
TRAQLOD128F145EC9D,Enrique Iglesias,Dicen Por Ahi,Latin,2
TRASWKJ128E0792FE7,Patty Griffin,Flaming Red,Folk,22
TRAJDGB128F42882AC,OutKast,Call Of Da Wild,Rap,20
TRARANL128F1478789,Rise Against,Drones,Rock,12
TRANRIK128F148C860,Eminem,Paul,Rap,8
TRASRBB128F42AFD5C,Brian Littrell,Wish,Pop,12
TRACBWP128C7196948,3 Doors Down,It's Not Me,Rock,8
TRADJKG12903CE049F,Tesla,So What!,Rock,11
TRADSVJ12903C9CDFA,Sweet,Do It All Over Again,Rock,14
TRAKXPE128F1462FF2,John Berry,She's Taken A Shine,Country,8
TRACJPW128F932CA4C,Autumnblaze,Her Golden Robe In Silence Veiled,Rock,1
TRAKTWZ128EF35E206,Janet Jackson,When I Think Of You,Electronic,14
TRAVTUD128F93094F2,Broadcast,Where Youth And Laughter Go,Electronic,8
TRBIAVU128EF3493BA,Asleep At The Wheel,The Letter That Johnny Walker Read,Country,21
TRAMSAY128F92ED0DD,It Dies Today,Sixth of June,Rock,8
TRBGHND128E079438C,Kiss,Anything For My Baby,Rock,21
TRAOATJ128F147FC9B,Phil Collins,I Cannot Believe It's True,Rock,8
TRAHZMM128E07838FF,Wet Wet Wet,Goodnight Girl,Pop,8
TRAWGXD128F428A36B,Mindy McCready,Guys Do It All The Time,Country,21
TRABQZK128F92F54F4,Shakira,Pienso En Ti,Pop,2
TRAXXIT128F4263075,Henry Lee Summer,I Wish I Had A Girl,Rock,9
TRABYEY128F933773A,Anti-Flag,This Is NOT a Crass Song,Punk,8
TRATZQS128F1467D4B,Devo,Going Under,Rock,8
TRAONPF128F42480A7,Phil Vassar,This Is My Life,Country,8
TRAMUYQ128F428CA58,Patti Smith,Lo and Beholden,Rock,1
TRBCVPD12903CECBE8,Solas,Bonnie Mae,Folk,5
TRAPPUJ128F931B3D1,Jawoll,Rendezvous - Ich hab' Dich seit langem nicht gesehen,Pop,15
TRANBMY128F426416A,Danger Danger,Rock America,Metal,8
TRAEOMS128F4262357,NOFX,My Heart Is Yearning,Punk,8
TRANLRX128F4259030,Zeromancer,Mosquito Coil,Electronic,10
TRAGAVF128F424829B,Ronnie Milsap,Don't You Know How Much I Love You,Country,14
TRARBBK128F427ED68,Koffi Olomide,Elle Et Moi,World,0
TRBCQLB128F9332CF4,32 Leaves,Way Beyond,Rock,8
TRAUUIF128F93232FE,God Lives Underwater,Don't Know How To Be,Electronic,21
TRBBVSO128F9341C12,Martina McBride,Anything's Better Than Feelin' The Blues,Country,21
TRAGYXL128F92F9FCB,Cowboy Mouth,Disconnected,Rock,17
TRBHFBL128F14537D2,Gorillaz,Dirty Harry (Single Edit),Pop,20
TRAVLNW128F4272F05,Gian Marco,Te Mentiría,Latin,2
TRAECBR128F429F8C0,Britney Spears,Everytime,Pop,8
TRBFXMJ12903CB50F6,brokeNCYDE,Freaxxx,Rap,9
TRBIHAU128F425C317,Dinosaur Jr.,Does It Float,Rock,16
TRAKOAK128F4248629,Chops,Give It To 'Em,Rap,5
TRADQBK128F92E8B5F,Mat Kearney,Never Be Ready,Rock,3
TRAVXII128F92FCC6D,Stephen Marley,Mind Control,Reggae,23
TRBDLLL128F9331D6E,Akon,Gun Shot,Rap,12
TRBDBVM128F427BCC9,W.A.S.P.,Phantoms In The Mirror,Rock,12
TRAMOLS128F92F99E3,Dealership,I Don't Want Your Love,Rock,14
TRAVJDB128F93305EB,Gustavo Cerati,Tu Cicatriz En Mi,Latin,2
TRAINYU128F4246BD1,Heavenly,Liberty,Rock,23
TRAWEIX128F14B0F05,Pete Rock & C.L. Smooth,They Reminisce Over You (Single Version),Rap,21
TRAXQDR128F4260194,Juana Molina,Quiero,Electronic,2
TRBCBMG12903CDE2A4,Peggy Lee,Mr. Wonderful,Jazz,21
TRACVFF12903CF055A,Dinosaur Jr,On The Brink,Rock,14
TRALENK128F92F39E9,Circle Jerks,Paid Vacation,Punk,17
TRAPVGB128F42725AF,The Ataris,I Won't Spend Another Night Alone,Punk,16
TRAASFP128F42980BD,Orbital,Illuminate,Pop,1
TRAWGKB128F4268327,Disembowelment,Your Prophetic Throne Of Ivory,Metal,23
TRAQEOG128F9353981,Martin Sexton,Caught In The Rain,Folk,8
TRAJCLY128F930F893,Bad Azz,Ghetto,Rap,20
TRAPAZE128F4233355,Anti-Flag,Death Of A Nation,Punk,23
TRAQDSN128F42934A2,Sugarbomb,Posterchild for Tragedy,Rock,8
TRAXCZO12903CB819D,The Del McCoury Band,She Can't Burn Me Now,Country,17
TRBAUVN128F932FEF8,Britney Spears,Oops!...I Did It Again,Pop,9
TRBEAWP128F422B4D1,Casiotone For The Painfully Alone,Happy Mother's Day,Electronic,8
TRAGFOI128F428E060,Máire Brennan,Atlantic Shore,World,1
TRAJSNU128F92F2AC0,Chuck Wicks,If We Loved,Country,14
TRAKGAX128F4264182,Jose Luis Perales,El Amor,Latin,2
TRBFMAS128E078F352,The Cardigans,Marvel Hill,Rock,8
TRAMRFE128F4267DF3,Mando Diao,Annie's Angle,Rock,5
TRAPRQZ128F427E188,John Mayer,Comfortable,Rock,12
TRARFAZ128F93481AD,Korpiklaani,Isku Pitkästä Ilosta,Rock,3
TRAHIPA128F4279744,K's Choice,Another Year,Rock,3
TRAEPGH128F9343CD8,Los Fabulosos Cadillacs,El Mensaje Soy Yo,Reggae,2
TRAQPHD128F4226E5E,Soulwax,Soul Simplicity,Rock,19
TRAQQHJ128F9345DC3,Rise Against,1000 Good Intentions,Rock,23
TRADXMA128F4276D94,Dead Prez,Be Healthy,Rap,21
TRAYWLI128F9300223,Annie Lennox,Erased,Pop,21
TRACBWQ128F92F2B91,Ma Rainey,Ma Rainey's Black Bottom,Blues,7
TRAWDLK128EF342E1E,Redman,Suicide,Rap,20
TRBAYER128F933D3B7,Mighty Mighty Bosstones,Guns And The Young,Rock,20
TRBEBEZ128E0792F08,Patty Griffin,Let Him Fly,Folk,8
TRBBMIF12903CA1EB0,Atomic Rooster,Little Bit of Inner Air,Rock,14
TRBGNNC128F148D427,EPMD,For My People,Rap,20
TRATKAA128F426E8A0,Mary Black,Say A Little Prayer,Folk,14
TRBDEXM128F4291A7F,Baroness,Wanderlust,Metal,21
TRBEISL128F931B107,Architecture In Helsinki,The Same Old Innocence,Rock,4
TRBBEYU128F4235623,Busdriver,Unemployed Black Astronaut,Rap,1
TRAVANT128F92E3F71,Mariah Carey,Someday,RnB,22
TRBFRFR128E0781C86,Less Than Jake,Automatic,Rock,11
TRBFWSP128F92F29B4,Warrant,Bed Of Roses,Rock,16
TRAPFIP128F42AC31E,Alicia Keys,If I Was Your Woman,RnB,11
TRBGGYE128F42B63AB,Arc Angels,See What Tomorrow Brings,Blues,6
TRADWAU128F145622F,The Moody Blues,Long Summer Days,Rock,8
TRBFBUO128F42A3DED,Kent,Alla Mot Alla,Rock,13
TRBGKGR128F92EE206,Zeca Baleiro,Telegrama,Latin,2
TRBIBAQ128F93279F5,Bad Company,Crazy Circles,Rock,10
TRAMCND128F1466ACF,Beastie Boys,Get It Together,Rap,24
TRAFEEO12903CFEC87,Dark Fortress,The Silver Gate,Rock,23
TRAFYGA128F425A92C,Eurythmics,Missionary Man,Pop,21
TRAZNDI128F9321777,KRS-One,Freestyle Ministry (server Verbals),Rap,24
TRATRMZ128F42A9AAC,Kane,Rain Down On Me,Rock,8
TRAQQVR128F4255A3A,Gorillaz,White Light,Rock,18
TRACXGH128F931686C,Tommy James & The Shondells,Crimson And Clover,Rock,6
TRAROQC128F4273979,Shakira,Que Vuelvas,Latin,2
TRAKPJC128F4258613,Juliette & The Licks,Shelter Your Needs,Rock,5
TRAAABD128F429CF47,The Box Tops,Soul Deep,Rock,8
TRAJMZL12903CA4807,Luke Bryan,What Country Is,Country,5
TRAUHXR12903CBDFE4,The Pineapple Thief,Run A Mile,Rock,17
TRAOWBP128F4257C64,Jack Johnson,Monsoon,Rock,12
TRBGJIZ128F92E42BC,Free,Heartbreaker,Rock,8
TRBBXMC128F422C330,Eric Burdon,Cum,Rock,21
TRATJSR128F4266791,Jennifer Lopez featuring Ja Rule,I'm Real,RnB,20
TRAPDQG128F93018C0,Becoming The Archetype,End Of The Age,Metal,1
TRAZWDT128F4241B14,Shelby Lynne,Pretend,Country,9
TRAZEYQ12903C9D099,Johnny Winter,Shed So Many Tears,Blues,14
TRAUJLJ128E0784E7C,Fabolous,Trade It All PT2  (Early Fade Amended Version- Bonus Track) (featuring P. Diddy & Jagged Edge),Rap,21
TRAMTFQ128F9352EDB,Black Messiah,Gullveig,Metal,15
TRADUOU12903CF4323,At All Cost,Drugs,Metal,8
TRAPCIQ128F4241A74,The Cardigans,Rise & Shine,Rock,18
TRAADYB128F92D7E73,Eliane Elias,The More I See You,Jazz,14
TRAFBML128F93163FB,Vaselines,Teenage Superstars (Album),Rock,11
TRANDEK128F4259EBC,The Clash,Lose This Skin,Punk,21
TRBHHWQ128F93321AB,Bongzilla,Stone a Pig,Metal,1
TRBEIVC128F9320E95,Snow Patrol,It Doesn't Matter Where_ Just Drive,Rock,8
TRAIACZ128F428C60A,Kanye West / Adam Levine,Heard 'Em Say,Rap,6
TRAKQFZ128F429D3C9,Santana,Let It Shine,Rock,18
TRASXHB128F933D3BD,Mighty Mighty Bosstones,They Came To Boston,Rock,21
TRAWXYD128F4255FBD,K.I.Z.,Walpurgisnacht,Rap,15
TRBDVZL128F92F579F,Dickies,Pretty Please Me,Punk,10
TRAZSVT128F92DEC7B,Julie Zenatti,A Quoi Ca Sert,Pop,0
TRALSAJ128F92EDC84,Patrick Bruel,L'Appart,Pop,0
TRAFCWJ128F42515AE,Mississippi John Hurt,Waiting For You (I Forgive You Before I Go),Blues,8
TRAAOJI128F1458DCD,Heaven 17,(We Don't Need This) Fascist Groove Thang,Rock,7
TRBEFQB128F932138A,Eleanor McEvoy,Please Heart_ You're Killing Me,Folk,19
TRAKCAE128F92DACD8,Claude François,Le chanteur malheureux,Pop,0
TRACRON12903CB59E6,Everyday Sunday,Don't Leave,Rock,9
TRAOSFC128F42618F6,Harry Connick_ Jr.,Here Comes The Big Parade,Jazz,4
TRAFZHK128F145E86B,Lifer,Boring,Rock,4
TRAFTFF128F930F77C,Lollipop Lust Kill,Bury You,Metal,23
TRAGBOR128F92E1064,Emperor,With Strength I Burn,Rock,23
TRAGSGF128E0780CA7,Coldplay,One I Love,Rock,14
TRADXCF128EF357134,Snow Patrol,Shut Your Eyes,Rock,1
TRAUXEL128F42683D5,Cadacross,Bring Out Your Dead,Metal,23
TRAZSVJ128E0785129,P.O.D.,Wildfire (Album Version),Rock,23
TRBBHUW128F429476F,Dynamite Deluxe,Zornig!,Rap,15
TRAOOHM128F1453E33,Juelz Santana,Lil' Boy Fresh,Rap,20
TRAROPS128F92F09A5,Carl Belew,Am I That Easy To Forget,Country,14
TRABAFJ128F42AF24E,Backstreet Boys,Larger Than Life,Pop,8
TRBETVK128F4288B49,Hot Tuna,Hesitation Blues,Rock,7
TRAJFFF128F429874A,Lifehouse,Better Luck Next Time,Rock,12
TRAIOWX128F14750E5,30 Seconds To Mars,The Mission,Rock,20
TRAHBOV128F92EF77A,Wonderland,You,Rock,7
TRABLYQ128F429A9F8,Luar Na Lubre,Terra,Folk,2
TRBCUPT128F1462B73,Thrice,All That's Left,Rock,23
TRASHSN12903CA9E34,Alicia Keys,Wait Til You See My Smile,RnB,12
TRAPAES128E0786E60,Ideal,Roter Rolls Royce,Pop,15
TRAZJGD128F4289D2A,Gym Class Heroes,To Bob Ross With Love (Album Version),Rap,24
TRAQJMP128F92E3821,Muse,Can't Take My Eyes Off You,Rock,8
TRAWZRG128F1489B24,Pennywise,Yell Out,Punk,8
TRBGHVM128F146B47A,Charly Garcia,Tango,Rock,2
TRBBIBE128F4226E29,Soulwax,Kill Your Darlings,Rock,19
TRAMEEC128F9307A54,99 Posse,Rafaniello,Rap,15
TRAJBGL128F145C7A8,Tom Cochrane,Washed Away,Rock,10
TRANCSE128F93044F1,Shakira,Ojos Así,Latin,2
TRBGPZX128F4285105,Estopa,Apagon,Rock,2
TRADNRG128F4295A0E,Kris Kristofferson,Darby's Castle,Country,1
TRACTLX128F42A51F6,Matisyahu,Exaltation,Reggae,23
TRABXVE128F4284AFC,Simon & Garfunkel,Citizen Of The Planet,Folk,8
TRALDUE128F9312AF2,Snow Patrol,Just Say Yes,Blues,8
TRBEMTF128F42660CA,For Squirrels,Superstar,Rock,21
TRBHTOR128F428CADE,The Dillinger Escape Plan,Sugar Coated Sour,Metal,21
TRBHHUC128F4294C6F,Scott Matthews,City Headache,Rock,12
TRBADGN128F42AA534,Andy & Lucas,Quiero Ser Tu Sueño,Latin,2
TRAMUUZ128F933CA08,EPMD,Please Listen To My Demo,Rap,21
TRAWNOH128F4287513,Unkle Bob,What Do I Know,Rock,21
TRADFQK128F422B492,Casiotone For The Painfully Alone,Rice Dream Girl,Rock,8
TRANRKN128F93127BB,Hanoi Rocks,Walkin' Away,Rock,4
TRAVWZA128F931F36E,The Tragically Hip,Ahead By A Century,Rock,18
TRAAJJG128F4284B27,The Verve Pipe,Medicate Myself,Rock,17
TRBGBGO128F4264203,Firehouse,Talk Of The Town,Rock,9
TRAGJQL128E078E840,Shania Twain,Raining On Our Love,Country,14
TRAGDPS128F145F8EE,Paloalto,Seed,Rock,19
TRBBYDT128F14805B4,Phil Collins,You Can't Hurry Love (Live),Rock,14
TRACISV12903D13877,Jerry Reed,When You're Hot_ You're Hot,Country,21
TRBHKXX128F4252D02,Radiohead,Everything In Its Right Place,Rock,5
TRARQSD128F427E2AA,Pearl Jam,Wishlist,Rock,18
TRANPWV128F9341281,Behemoth,He Who Breeds Pestilence,Metal,23
TRBGCAK128F425F3CC,The Prodigy,Firestarter,Electronic,11
TRADFID128F4267231,Silverchair,Cicada,Rock,7
TRAPGKY128F42972A9,Alexisonfire,Mailbox Arson,Rock,12
TRACUCQ128F92FFBF7,Sade,Smooth Operator,RnB,1
TRAWTKK128F92C25D0,Kings Of Leon,Woo Hoo,Rock,8
TRAMFHI12903CB4349,Goatwhore,A Closure in Infinity,Metal,23
TRAKMGY128F4269E37,Johnny Horton,Got The Bull By The Horns,Country,22
TRASWIV128E0788A84,The Smashing Pumpkins,Real Love,Rock,14
TRAPCHT128F4239830,Trivium,The Deceived,Metal,13
TRAYZXR128F934858F,Rancid,The Bravest Kids (Acoustic),Punk,4
TRAAQCK128F92E8C33,Lily Allen,U Killed It,Pop,8
TRAKRXM128F4250E33,Bob Marley,Corner Stone,Reggae,1
TRBANBC128F147E363,Showbread,Dinosaur Bones,Rock,1
TRAEARU128E0781A02,David Bowie,Space Oddity (1997 Digital Remaster),Rock,11
TRBGRIP128F147FCA6,Phil Collins,Everyday,Rock,8
TRAZKAG12903CD1918,AFI,Too Shy To Scream,Rock,1
TRBHKKK128F427E9FF,3 Doors Down,Better Life,Rock,10
TRANWBG128F934AC15,Lizzy Borden,Generation Aliens,Metal,23
TRAHSAW128F4253EFC,Nick Cave & The Bad Seeds,Rock Of Gibraltar,Rock,14
TRAAMES128F42AF068,Pearl Jam,Inside Job,Rock,8
TRANKIL128F1476FA2,The Police,Voices Inside My Head,Rock,16
TRAOJEW128F4294CBD,K'Naan,Is It A Myth?,Rap,21
TRBDWLE128F42B3112,Barry Manilow,This One's For You,Pop,14
TRAWOBG128F93256C6,Dropkick Murphys,The Burden (Album Version),Rock,4
TRAVGZS128F9338603,Tammy Wynette,I Stayed Long Enough,Country,16
TRAYDZH128C71967BC,New Found Glory,Sucker,Rock,8
TRAUZFY128F42BCE57,Jason Michael Carroll,No Good In Goodbye,Country,8
TRBIFGK128F92F23A2,The Killers,A Dustland Fairytale,Rock,23
TRAULGT12903D10B94,BB King,She Don't Move Me No More,Blues,9
TRAZDPO128E078ECE6,Aerosmith,Crazy,Rock,9
TRAEZFJ128F422A5C0,Shanadoo,King Kong,Pop,7
TRAEGGV128F92F29B2,Warrant,Cherry Pie,Rock,6
TRBGHJG128F428ADB4,Lit,Lovely Day,Rock,6
TRAFRVU128F42649A6,K's Choice,My Record Company,Rock,5
TRAMIUD128E07825DB,Cracker,Dr. Bernice,Rock,1
TRACLHC128F9343C39,SUMO,Pinini Reggae,Rock,4
TRAIUPS128F92F2825,Ensiferum,Into Battle,Metal,23
TRBDSLA128F4288246,Toni Braxton,Best Friend,RnB,8
TRACWBO128F92F322F,Stevie Ray Vaughan And Double Trouble,Empty Arms,Blues,21
TRAJHDR128F92FA863,Morgion,Basking Under a Blacksun Dawning,Metal,1
TRARPTJ12903CE2898,SOJA,Be Aware,Reggae,8
TRBGITL12903CF2662,The Gathering,Fear The Sea,Metal,23
TRAMEBP12903CD7EEA,Mink DeVille,Heaven Stood Still,Rock,1
TRBDLRT128F4296B2F,Alias,Dying To Stay,Rap,8
TRAKFSV128F4257C10,Finntroll,Kitteldags,Rock,13
TRAJFDU128F426A5F4,Silverchair,The Door,Rock,12
TRABSAR128F42324A8,Abysmal Dawn,Compulsory Resurrection,Rock,23
TRAECSU128F426A84A,Headhunter,Signs Of Insanity,Rock,23
TRAVOLQ128F9322DB4,2 Minutos,Valentin Alsina,Rock,13
TRBHJAY128F14A9061,Foghat,Dead End Street,Rock,17
TRAZXBO128F429DA70,Blackbyrds,Do It_ Fluid,RnB,10
TRAFTMA128F933A3D7,Los Fabulosos Cadillacs,Matador,Latin,2
TRADOSF128F9338ADB,Pedro Aznar,Stand,Jazz,18
TRBCALG128F1483839,Milk Inc.,Breakin',Electronic,22
TRBBCJH128F930C970,Streetwize,U Don't Have To Call,Jazz,16
TRAMSSK128F92FDC80,Tim Exile,Family Galaxy,Electronic,18
TRAPVBP128F9308A86,Alejandro Lerner,No Hace Falta Que Lo Digas,Latin,2
TRARMUI128F147162F,The Jam,The Modern World,Rock,11
TRAJLEC128F93385A1,Jean-Jacques Goldman,La Vie Par Procuration,World,0
TRBEHGH128E078DEDE,The Roots,Act Won (Things Fall Apart),Rap,24
TRASMER128F4272C1D,2 Minutos,2 Minutos,Punk,2
TRBEUMG128F422305C,James Hunter,Class Act,RnB,11
TRALZXZ128F92E26EF,The Jeff Healey Band,My Little Girl,Blues,14
TRAYXZX128F930F022,KALIMBA,Nunca Sabras,Pop,2
TRARSZV12903CDB2DE,Junior Kimbrough,Meet Me in the City,Blues,9
TRAQKVC128F425E65C,The Clash,Inoculated City,Punk,23
TRAFMIA128F92E2B2B,Alice Cooper,This House Is Haunted,Rock,12
TRAYWHE128F92E9D6A,Roy Drusky,Three Hearts In A Tangle,Country,1
TRBDAVU128F423814A,Bon Jovi,Till We Ain't Strangers Anymore,Rock,12
TRAHMIV128F14693DC,Mike And The Mechanics,Nobody's Perfect,Rock,3
TRAXLLN128F428B982,Wayne Kramer,Bad Seed,Punk,5
TRAWOHD128F148D176,Rickie Lee Jones,Away From The Sky,Rock,21
TRBFLIP128E07897B4,Coldplay,Things I Don't Understand,Rock,8
TRAGXUZ128F9311745,Johnny Cash,You Tell Me,Country,13
TRAYCIH128E07890B9,The Cure,Doubt,Rock,19
TRAPESV128F92FE5E9,Don Gibson,Blue Blue Day,Country,4
TRAULEG128F92F035B,Finntroll,Ormhäxan,Metal,13
TRBEBYV128F14A0B65,ATB,Marrakech,Electronic,8
TRBBEGG128F9314BAA,Martina McBride,Heart Trouble,Country,17
TRANVKJ128F92F1561,Lonestar,Somebody's Someone,Country,3
TRAAENC128F1451DE9,Francis Dunnery,Too Much Saturn,Rock,22
TRAFWRG128F4295089,Goldfinger,Forgiveness,Rock,13
TRAYKOC128F930D2B8,Aerosmith,Cryin',Rock,14
TRBFRZX128F9341EAE,Busta Rhymes,We Got What You Want,Rap,20
TRASDYA128F425E84F,Chris Brown,Help Me,RnB,20
TRAJZCH128F933D2B7,Mighty Mighty Bosstones,Patricia,Reggae,12
TRAGNAX128F9313AE8,Doyle Bramhall,That's How Strong My Love Is,Blues,14
TRAYZBA128F4264551,Sophie B. Hawkins,Did We Not Choose Each Other,Rock,14
TRAAJYX128F4255568,Maxi Priest,Groovin' In The Midnight,Reggae,10
TRAMFFW128F4263AD7,James Taylor,Everyday,Pop,18
TRAZLVR128E078F044,The Who,Slip Kid,Rock,21
TRAMBLO128F4287D24,RUN-DMC,Can I Get A Witness,Rap,24
TRAMXPQ128F148B0C2,Mark Wills,How Bad Do You Want It,Country,5
TRAZVYP128F1459AD9,Leona Naess,Star Signs,Pop,5
TRAPNII12903CEA4F8,Bad Company,Simple Man,Rock,21
TRAKMUO128F4215890,Enrique Iglesias,Si Juras Regresar,Latin,2
TRBGUUF128F9334B97,El Gran Combo De Puerto Rico,No Hay Manera,Latin,2
TRBBAKH128F92FA339,The Ataris,Secret Handshakes,Rock,23
TRAAARJ128F9320760,Planet P Project,Pink World,Rock,6
TRAWFCM12903CBE6FA,Skyforger,In the Underworld,Rock,23
TRBDIOP128EF35F99C,Maroon 5,Sweetest Goodbye,Rock,8
TRACKAP128F425B741,Christina Aguilera,Walk Away,Pop,12
TRAUJTZ12903CF7BB4,Bruce Springsteen,Working On The Highway,Rock,5
TRAEOBA12903CAFAB0,Placebo,Hardly Wait,Rock,12
TRAVYHI12903CB95EC,T-Bone,Ride Wit Me,Rap,20
TRANTAN128E078B326,The MC5,The American Ruse (LP Version),Rock,21
TRBFSNP128F14572B5,Vixen,One Night Alone,Rock,16
TRAEMNZ128F9334662,Aerosmith,Angel,Rock,16
TRBBDXO128F14A4737,Tommy James And The Shondells,Gettin' Together,Pop,14
TRAABLR128F423B7E3,Blue Rodeo,Floating,Rock,12
TRAIBXQ128F425E6A5,Kings Of Leon,My Party (Kenna Remix),Rock,20
TRASLHI128EF343C84,Noisettes,Bridge To Canada,Rock,14
TRBEIKK128F14628D6,Lighthouse Family,Run,Pop,8
TRAHIJE128F4243356,Jack Off Jill,Horrible,Rock,8
TRADKDX128F9320676,Foo Fighters,If Ever,Rock,14
TRBFJGB128F42612B1,Brooke Valentine,American Girl,RnB,6
TRAMMFP12903CB59C2,Blind Lemon Jefferson,Long Distance Moan,Blues,5
TRATHTH128F42BC347,Kings Of Leon,Ragoo,Rock,7
TRBCWPC128F42438DF,Alexander O'Neal,Saturday Love,RnB,6
TRARHCB128F148D1B0,The Misfits,The Haunting,Rock,23
TRAPGOZ128F933A945,Jonny Lang,One Person At A Time,Blues,11
TRAMMAF128F93051B0,Basement Jaxx,Sfm,Electronic,11
TRAZZQC128F427A0F5,Aerosmith,Milkcow Blues,Rock,21
TRALPKG12903CDCA8A,Placebo,The Never-Ending Why,Rock,8
TRAYEGN128F9361233,Joe Bonamassa,When She Dances,Blues,14
TRAWBOE128F92F2F46,Pearl Jam,You Are,Rock,12
TRAGKTN128F933C68B,Pursuit Of Happiness,Down On Him,Rock,4
TRAOHNR128F428CD58,OutKast featuring George Clinton,Synthesizer,Rap,21
TRADCIM128F427A3A1,Wyclef Jean featuring Butch Cassidy and Sharissa,You Say Keep It Gangsta,Rap,20
TRAPGOC128F932F01A,Aswad,Your Recipe,Reggae,9
TRAGWTT128F148CF2C,Sister Hazel,Cerilene,Rock,18
TRAXPHE128F92F4100,Paul Rogers,The Hunter,Blues,22
TRAXEHW128F423E590,My Chemical Romance,You Know What They Do To Guys Like Us In Prison (Album Version),Rock,23
TRADODV128F4283EB6,Mobb Deep,Got It Twisted,Rap,20
TRBDUSM128F9339A13,Maximilian Hecker,Let Me Out,Rock,8
TRAJMQE128F9322DDD,2 Minutos,Vos No Confiaste,Rock,2
TRAFDFD128F14B07AB,THE COOKIES,Chains (LP Version),Rock,7
TRAQACB128F4263F7B,Ultimate Fakebook,Soaked In Cinnamon,Rock,8
TRAXLYT128F9348137,KMD,Get-U-Now,Rap,20
TRASAQI128F426EEA3,Bob Dylan,Simple Twist Of Fate,Rock,21
TRAFTCT128F425A900,Rick Astley,Close To You,Pop,18
TRAVTEH128E07953EA,Bon Jovi,The Radio Saved My Life Tonight,Rock,16
TRAFOKY128F92ED751,David Cook,I Did it for You,Rock,8
TRAJBTZ12903CB818C,The Del McCoury Band,Asheville Turnaround,Country,21
TRAEFON128E078C6F8,MC5,Miss X (LP Version),Rock,9
TRBFVEP128F42621E3,The Distillers,World Comes Tumblin' Down,Punk,23
TRBIJFB128F92ED124,It Dies Today,One the road (to Damnation),Rock,23
TRBBUCK128F42AFAD6,Kool Moe Dee,Death Blow,Rap,24
TRACHKX128F934B07A,Fever Ray,I'm Not Done,Electronic,1
TRAQGMY128F425A2F5,Annie Lennox,A Whiter Shade Of Pale,Pop,12
TRACTWW12903CB7550,Cracker,Shake Some Action,Rock,4
TRAHHMV12903CD0B0D,Backstreet Boys,PDA,Pop,22
TRAQTBF12903CCC1B7,Cockney Rejects,Oi! Oi! Oi!,Punk,17
TRACCJA128F149A144,João Gilberto,Segredo,Jazz,2
TRBDNZI128F14A9065,Foghat,Zig-Zag Walk,Rock,9
TRAUPSV128F427B621,Cabas,Como Nuestro Amor No Hay Dos,Latin,2
TRAFRYJ128F92E638B,Nine Inch Nails,Memorabilia,Electronic,12
TRALPQV128F424F989,2raumwohnung,Lachen und weinen,Pop,15
TRAYAKN128F9330A65,Ghost Machine,What You Made Me (Ugli),Rock,12
TRAWIGT128F427448E,Las Ketchup,Tengo Un Novio Tántriko,Latin,2
TRBCBLV128F14ADF31,Petra,More Power To Ya,Rock,14
TRAXJVO128F42AC534,Martina McBride,Thanks A Lot,Country,14
TRAVBCR128F933AE8E,Dax Riggs,Radiation Blues,Rock,23
TRAIATD128F9331CD6,Usher,I'll Show You Love,RnB,14
TRAGQBY128F42635B7,James Taylor,One More Go Round,Rock,14
TRABPGO128F931B50C,Emilia,You're My World,Pop,14
TRAZTBZ12903CFB6DA,Pelle Carlberg,I Love You_ You Imbecile,Pop,12
TRAVFEW128F92E2B47,Alice Cooper,Be My Lover,Rock,9
TRABYVN128F429E5CF,Aesop Rock,Flashflood,Rap,23
TRABWPT128F42B06CC,Keb' Mo',Still There For Me,Blues,8
TRAWFYX12903CA4766,Atomship,Whitfield,Rock,6
TRAQOXO128F42636BD,James Taylor,Down In The Hole,Rock,14
TRAUVVR128F425A925,Eurythmics,A Little Of You,Pop,14
TRARVZG128F1497359,Tech N9ne,Caribou Lou,Rap,13
TRBESEX128F147BB13,Olga Tañón,Como Olvidar (Merengue Versión),Latin,2
TRBBYOI128F4256732,Black Flag,Out Of This World,Punk,14
TRBFLOH128F42630E3,Regina Belle,You Are Everything,RnB,4
TRAKDCQ128F42A247A,Kool Moe Dee,I Go To Work,Rap,24
TRAKHYP128E0792F07,Patty Griffin,Moses,Folk,12
TRAYYKO128F92E133B,The Lord Weird Slough Feg,Baltech's Lament,Rock,8
TRACFOJ128F4253EFA,Nick Cave & The Bad Seeds,Still In Love,Rock,12
TRABUIN128F93022FF,SKOLD vs. KMFDM,Alkohol,Electronic,23
TRBCBVY128F933A195,Los Auténticos Decadentes,El Jorobadito,Reggae,2
TRAITDY128F149431C,Vangelis,Procession,New Age,12
TRALQGZ128F146F500,KT Tunstall,Boo Hoo,Pop,16
TRBGTZD128EF34B6C3,Jesus Jones,Nothing To Hold Me,Rock,8
TRBCBLN128F932BC9D,Skeletonwitch,Within My Blood,Metal,23
TRADXCO128F426B26D,M,Close To Me,Rock,0
TRADYQK128F42A762A,Muse,Stockholm Syndrome,Rock,23
TRAQGNV128C7196894,Blink-182,All Of This,Rock,12
TRADFXD128F424694C,Mando Diao,Misty Mountains,Rock,8
TRACLRV128EF33FAB8,Whitesnake,Young Blood (2007 Digital Remaster),Rock,14
TRBIIOT128F423C594,Joy Division,Leaders Of Men,Rock,8
TRASPAS128E078DFB3,Bob Marley & The Wailers,Smile Jamaica,Reggae,3
TRAIUYZ128F425BD2F,Múm,Nightly Cares,Electronic,14
TRAPHAH128F42677A4,Jennifer Lopez,We Gotta Talk,Pop,9
TRAJDTK128F429FFDF,Jim Reeves,I'd Like To Be,Country,21
TRAKLEZ128F4270649,Martha Wainwright,Who Was I Kidding,Folk,12
TRAHYDH128F9325200,Bumblefoot,Piranha,Rock,23
TRBBTUD128F42A10A3,Behemoth,Here And Beyond,Rock,23
TRAZORC128F426C323,Cut Copy,Unforgettable Season,Electronic,8
TRAIELD128F92DC682,Kings Of Leon,Genius,Rock,4
TRBCJRW12903CD02BC,John D. Loudermilk,Goin' To Hell On A Sled,Country,21
TRBDVJF128E078894B,The Smashing Pumpkins,Soot and Stars,Rock,1
TRBIJMU12903CF892B,Moonspell,The Hanged Man,Rock,20
TRBECAL128F4270F27,Saigon Kick,The Way,Metal,14
TRARIIY128F147187D,Kiss,Radar For Love,Rock,14
TRAWRWK128F4260B37,Gal Costa,Wave,Latin,14
TRAWPBO128F933D918,Bruisers,Bloodshed,Punk,8
TRAVCNA128F930975C,Mithotyn,On Misty Pathways,Metal,1
TRAQRFD128F9322DE6,2 Minutos,Cancion De Amor,Rock,2
TRAQITZ128F4265E0E,Johnny Cash,Lonesome To The Bone,Country,14
TRAEXHW128F92E2602,Gym Class Heroes,New Friend Request (Amended Version),Rock,5
TRBEBNV128F423783D,The Germs,Going Down,Punk,16
TRBAHEH128F9327D39,Wyclef Jean,Guantanamera,RnB,2
TRAJMEL128F4262B4A,The Fabulous Thunderbirds,Why Get Up,Rock,8
TRATDLH128F93384B0,Lily Allen,22 (Acoustic),Pop,8
TRALZTM128F92EC5F0,Céline Dion,"Because You Loved Me (Theme from ""Up Close and Personal"")",Pop,8
TRBHNUB12903CC2475,Open Hand,Tough Guy,Rock,12
TRADABC128F4274FCC,Carlos Ponce,Escuchame,Latin,2
TRAAWOR128F92DF3C8,Sandi Thom,Wounded Hearts,Pop,14
TRAUOXB128F146573B,Bryan Ferry,Ja Nun Hons Pris,Rock,0
TRBDVVT128F4279D11,Xzibit,Carry The Weight,Rap,20
TRBAZFD12903CB641D,Brooke White,Hold Up My Heart,Pop,8
TRBEHFA128F145B3DA,Be Bop Deluxe,Sister Seagull (Live),Rock,1
TRAXSWX128E0792BEF,Toots & The Maytals,It's You,Reggae,9
TRAIYDL128E0791583,Rihanna,Music Of The Sun,RnB,10
TRBFTJP128F426AC3F,Be Bop Deluxe,Music In Dreamland,Rock,10
TRATCDG128F932B4D2,Aiden,Black Market Hell,Rock,23
TRADRJK128E078F041,The Cardigans,Iron Man,Pop,23
TRANCOS128F4267DFB,Mando Diao,All My Senses,Rock,9
TRAPGFN12903CB5BAC,The Plimsouls,Women,Rock,17
TRAFBVU128F426B3F6,Dimmu Borgir,The Fundamental Alienation,Rock,23
TRBFIHG128F4289CF9,The Ataris,Make It Last,Rock,8
TRABOOL128F426E836,Mary Black,Turning Away,World,8
TRAUYOD128F42647FE,The Vaughan Brothers,Good Texan,Blues,9
TRAUSHD128E0795347,Bon Jovi,Wildflower,Rock,17
TRAXRSK128F42B44D2,Bad Religion,Infected,Rock,10
TRAPCNK128F427D7B5,M83,You Appearing,Electronic,16
TRARMYQ128F149F18A,Jimmy Wayne,Are You Ever Gonna Love Me?,Country,14
TRAMHMO128F93167EA,Juana Molina,Isabel,Folk,2
TRAPUFL128F425A8F9,Rick Astley,Nature Boy,Pop,18
TRAUEYX12903CEAF48,Architecture In Helsinki,Need To Shout,Rock,8
TRAVHIA128F1494B0C,Sonny James,I'll Never Find Another You,Country,8
TRAYOQI128F92F0967,Converge,To the Lions,Metal,18
TRAGHJX128F426F76F,Bob Dylan,New Pony,Rock,5
TRAOKSC128F4264989,K's Choice,A Sound That Only You Can Hear,Rock,8
TRBBILZ12903CB422C,Set Your Goals,This Very Moment,Rock,8
TRAGQVO128F145C0AF,Gang Starr,Say Your Prayers,Rap,8
TRALTKQ128F932DA67,Atari Teenage Riot,Revolution Action,Electronic,4
TRAAKAS128F4246013,Porcupine Tree,Waiting,Rock,12
TRAFKRE128F932002B,All Time Low,Umbrella,Rock,18
TRAENOH128F933978A,Cerati-Melero,Marea De Venus,Latin,2
TRACFZI128E0795424,Saosin,Bury Your Head,Rock,12
TRBEBVZ128F425A660,Rick Astley,The Bottom Line,Pop,8
TRAGPAF128EF34542A,From Autumn To Ashes,Sensory Deprivation Adventure,Rock,23
TRAGALM128F4236C86,Lyrics Born,Bad Dreams,Rap,22
TRBIJES12903CF5B12,Mouth Of The Architect,Harboring An Apparition,Metal,23
TRAKGDZ12903CE4867,Story Of The Year,Won Threw Ate,Rock,23
TRAVGNH128F428CBA9,Amorphis,Into Hiding,Metal,1
TRACCVZ128F4291A8A,Mastodon,Deep Sea Creature,Metal,12
TRAESJK128E0792227,Eminem,Ricky Ticky Toc,Rap,20
TRAMTIH128F933E8E4,Eric Burdon,Motorcycle girl,Rock,8
TRAIVMM128F4266056,Keb'Mo',Anybody Seen My Girl,Blues,16
TRAAHEG128E07861C3,Redman,WKYA (drop),Rap,20
TRAIHFF128EF351817,Michael Jackson,Just A Little Bit Of You,Pop,14
TRBFNBC12903CA9800,The Black Crowes,Good Morning Captain,Rock,16
TRAURRP128F4261B94,Dixie Chicks,Give It Up Or Let Me Go,Country,14
TRAYOXN128E07926A8,City High,The Only One I Trust,RnB,8
TRAMEDG128E07933F4,Ms. Dynamite,All I Ever,Rap,14
TRBBGQN128F9310CBE,Radiohead,You (Demo),Rock,8
TRAYGHE12903CD213E,The Prodigy,What Evil Lurks,Electronic,24
TRAFLMU128F4274A4D,G-Unit,I Don't Want To Talk About It,Rap,20
TRAGJPA128F92F9665,U2,FEZ-Being Born,Rock,1
TRASQCW12903CA07D9,Ray Davies,See My Friends,Rock,12
TRBAZYH128F4288198,The Jeff Healey Band,See The Light,Blues,18
TRANLJA128F42A5379,Dolly Parton,It's All Wrong_ But It's All Right,Country,8
TRANIUD12903CCE692,Jah Cure,To Your Arms of Love,Reggae,14
TRAGYDZ12903D0957F,Candlebox,Lover Come Back To Me,Rock,16
TRAKYWY128F9310CF4,Radiohead,Stop Whispering (US Version),Rock,10
TRATQSL128F932E2ED,Michael Jackson,Morning Glow,Pop,16
TRBHJPQ128E078ED8F,Queens Of The Stone Age,Everybody's Gonna Be Happy,Rock,14
TRAZVZJ128F92EF28A,Set Your Goals,summer jam,Punk,8
TRAWVNL128F9327983,Bad Company,Call On Me,Rock,16
TRAWWQM128F148C796,Kiss,Every Time I Look At You,Rock,8
TRBDTNY128F9327A10,Bad Company,Take The Time,Rock,22
TRALLQX12903CD838C,Ben Sidran,See You On The Other Side,Jazz,1
TRAPFXX128E0785EBA,Mariah Carey,Clown,RnB,17
TRAPYCR128F4289604,Flickerstick,Coke (Live),Rock,8
TRABZRZ128F42628AD,James Taylor,Steamroller Blues,Rock,9
TRBFUMI128F42B5731,The Velvet Underground,Stephanie Says,Rock,8
TRADRNN128F92F7172,R. Kelly & Jay Z,Honey,Rap,20
TRAPSHW128F14560A6,J.J. Cale,Losers,Blues,13
TRAVELY128F42606F8,A Tribe Called Quest,Like It Like That,Rap,21
TRANVZT128F42AE134,Dixie Chicks,Lullaby,Country,14
TRAQAIW12903C9B61E,Belle and Sebastian,I Could Be Dreaming,Rock,8
TRAPMRV128F92F5F4C,Dixie Chicks,Hole In My Head,Country,22
TRARUTP128E0797FC7,Linkin Park,Crawling (Album Version),Rock,12
TRBGWVI128E0788AE7,22-20s,Hold On,Rock,8
TRAVDGG128F92E389A,Memphis Minnie,Nothing In Rambling,Blues,21
TRAIKSH128E07816DF,Nick Cave & The Bad Seeds,Stagger Lee,Rock,22
TRANIUS12903D00EC7,Swallow The Sun,...and Heavens Cried Blood,Rock,23
TRAUNPM12903CB7CCC,Jefferson Starship,Fading Lady Light,Rock,8
TRBDWRY128F427991E,Stevie Ray Vaughan And Double Trouble,Tin Pan Alley (aka Roughest Place In Town),Blues,21
TRAIBXJ128F4260700,A Tribe Called Quest,Scenario,Rap,24
TRAAGCZ128F93210FD,Black Eyed Peas,Let's Get It Started,Pop,7
TRASGKM128F42644C5,Helmet,Street Crab,Rock,8
TRANTAD128F92FD042,John Mayer,Who Did You Think I Was,Rock,8
TRBBYFJ128F42A22D4,Jim Reeves,Jingle Bells,Country,19
TRAYIUG12903CC7E3C,Gipsy Kings,Camino,World,2
TRBDCAB128F92F7EE4,The Primitives,Never Tell,Rock,5
TRAYLKH128F427BCCC,W.A.S.P.,When The Levee Breaks,Rock,5
TRASARO128F145E40F,Small Faces,My Mind's Eye,Rock,23
TRAFAJC128E078888B,Queens Of The Stone Age,This Lullaby,Rock,18
TRBHGVH128F148AD73,Long Beach Dub Allstars,Free Love,Rock,11
TRBACUF128F4247F8C,Mint Condition,Call Me,RnB,16
TRAGFVT128F92ECB5D,Oasis,Don't Go Away,Rock,8
TRANMOT128F92EFF19,Kathy Mattea,Standing Knee Deep In a River (Dying Of Thirst),Country,12
TRAOWXO128E0783F68,Wet Wet Wet,Hear Me Now,Pop,8
TRBEKGR128F425DA44,Jane's Addiction,Price I Pay,Rock,22
TRATQDK128F1489B3E,Pennywise,Lies,Punk,8
TRAAGJV128F1464090,Lesley Gore,It's My Party,Pop,13
TRAYPFH128E07937C3,Soundgarden,Slaves & Bulldozers,Rock,13
TRAFYGO128F42727E7,Beyoncé,Be With You,RnB,14
TRAXWQU128F42716E2,John Mellencamp,Peaceful World,Rock,6
TRBDBXO128F42B3E45,Nolwenn Leroy,Etre Une Femme,Pop,0
TRASTOM12903CBE8A6,Seven Mary Three,Hammer & a Stone,Rock,12
TRAUXSO128F42B863C,Silverchair,Spawn (Again),Rock,19
TRAVKGM12903CA66FB,L7,Baggage,Rock,21
TRBFNMG128F4278109,Aerosmith,Reefer Head Woman,Rock,1
TRAVHLR128F146B476,Charly García,Asesíname,Rock,2
TRACHHH128E0788A35,Dilated Peoples,Big Business,Rap,21
TRBIBKA128F42947BF,Samy Deluxe,Die Meisten,Rap,15
TRAGGVS128F4250CE8,Astarte,Oblivious Darkness,Rock,1
TRAVOHH128F4247EF9,Ashton Shepherd,Sounds So Good,Country,8
TRAWEDC128F14A2EBA,Y&T,Contagious,Rock,22
TRBGZLM128F4221E63,Less Than Jake,Fucked,Rock,23
TRAXZSJ128F145B3B0,Be Bop Deluxe,Piece Of Mine,Rock,14
TRAZJUH128F934465B,Hanoi Rocks,Mental Beat,Rock,24
TRAMBHU128F425A620,Rick Astley,You Move Me,Pop,8
TRBCPXR128F42AC544,Martina McBride,Pick Me Up On Your Way Down,Country,8
TRBBMXI128F428CCD1,Amorphis,The Lost Name of God,Rock,23
TRAUMNH128F92FB67F,The Jeff Healey Band,It Could All Get Blown Away,Blues,10
TRBGUHX128F4279757,K's Choice,God In My Bed,Rock,8
TRAASUZ128F9314950,Korn,Hey Daddy,Metal,8
TRALLQJ128F933C68A,Pursuit Of Happiness,Killed By Love,Rock,10
TRAREDZ12903CFB6E3,Pelle Carlberg,Clever Girls Like Clever Boys Much More Than Clever Boys Like Clever Girls,Pop,8
TRARFKP12903CF5DF1,Salt The Wound,From My Hands,Rock,23
TRBARHH128E078EDE9,Aerosmith,Janie's Got A Gun,Rock,17
TRADFII128F931FC9F,Metallica,The End Of The Line,Metal,23
TRAMNJB128F92EFDC7,Indica,Ihmisen Lento,Rock,13
TRAICJQ12903CF2681,Dark Fortress,Ghastly Indoctrination,Rock,23
TRAZFYU128F93569C6,deadboy & the Elephantmen,No Rainbow,Rock,18
TRBIFOK128EF362D20,The Pharcyde,I'm That Type Of Ni**a,Rap,20
TRAOZEJ128F428CCEA,OutKast,Wailin',Rap,20
TRAQVDI128F42969C8,John Mayall & The Bluesbreakers,Nature's Disappearing,Blues,23
TRAVRPL128F145E874,Lifer,Breathless,Rock,12
TRAIQUG128F92F946E,Byzantine,Absolute Horizon,Metal,1
TRBBKLD128F424ABF5,Crowbar,No Quarter,Metal,19
TRAKWTG128F42454E2,Less Than Jake,Antidote For The Underdog,Reggae,8
TRAMARM128E0796A50,The All-American Rejects,Bite Back,Rock,21
TRAEPAW128F4285BAB,Geggy Tah,Gina,Rock,21
TRAQVOG128F9340E58,Chris Brown,I.Y.A.,RnB,5
TRBAMXF128F1470AD6,Red Hot Chili Peppers,Hard To Concentrate (Album Version),Rock,8
TRBDTZX128F92DFA66,Jars Of Clay,Don't Stop,Rock,10
TRAOEAQ12903CC26BD,This Is Hell,RECKLESS,Rock,8
TRAAUEO128E0780CB9,Placebo,English Summer Rain,Rock,8
TRAGNGY12903C9CD76,Tantric,Coming Undone,Rock,12
TRARMHA128F92E7D32,Descendents,I'm Not A Loser,Punk,21
TRASXZE128F427F156,Heavenly,Smile,Rock,12
TRACRTS128F9300F7E,Bad Brains,Destroy Babylon,Punk,24
TRBFZRA128F427030C,Tha Liks,Da Da Da Da,Rap,20
TRBICVB128F9326B65,Strata,Night Falls (The Weight Of It),Rock,12
TRAJHCS128F93192B5,Georges Brassens,Auprès De Mon Arbre,World,0
TRAPEHR128E0786D5A,Zeromancer,Send Me An Angel,Rock,1
TRBFLFI128F427F374,RIDDLIN' KIDS,Stop The World,Rock,6
TRAAGPJ128F428CD1B,Queens Of The Stone Age,I Never Came,Rock,8
TRAYQKQ128F1491182,Slick Rick,Kill Niggaz,Rap,20
TRBGKJU128E079851F,The Highwaymen,The Road Goes On Forever,Country,21
TRBCIRO128F42B0277,Christina Aguilera,Beautiful,Pop,6
TRAJUPF128F4231A2C,P.O.D.,Ya Mama (Palm Springs Demo),Rock,13
TRAADQX128F422B4CF,Casiotone For The Painfully Alone,Nashville Parthenon,Electronic,12
TRAZXDC128F429874E,Shaggy,Criteria,Reggae,11
TRABFKN12903CAF61B,All Time Low,Shameless,Rock,14
TRAUFLM128F42AECDC,Britney Spears,Someday (I Will Understand),Pop,8
TRANIVG128F1484DED,Janet Jackson,Again,RnB,14
TRAPHDI128F92F5EA1,Zeca Baleiro,Proibida Pra Mim (Grazon),Latin,2
TRAKVSG128EF34E609,Raphaël,La Mémoire Des Jours,Pop,0
TRARTSA128F4291550,Bongzilla,Champagne & Reefer,Metal,20
TRBFUXQ128F145B135,Alias,After All The Love Is Gone,Rock,14
TRABJWA128F9309C09,Ensiferum,Warrior's Quest,Rock,23
TRANEMQ128F42A10A8,Behemoth,No Sympathy For Fools,Rock,23
TRAUNEL128F1467D5C,Devo,Sloppy (I Saw My Baby Gettin'),Rock,21
TRARFQL128F931E523,Fergie,Voodoo Doll,Pop,4
TRBEAMO128F425B75F,Christina Aguilera,Cruz,Pop,12
TRASUJK128E0789C12,Coldplay,Speed Of Sound (Live),Rock,1
TRAXWDS12903CEE35E,Wolfmother,Cosmonaut,Rock,8
TRAYVLL128F9335B7A,Bersuit Vergarabat,Se Viene,Rock,2
TRBBFOT12903CBCB4F,Capleton,Raggy Road,Reggae,17
TRBDKOV128F4290943,Lou Reed,Sally Can't Dance,Rock,7
TRBGGOS128F9307FC5,Remy Shand,The Second One,RnB,12
TRBATRO128F4225566,La Portuaria,10000 Km,Rock,2
TRASIVA128F933DB52,Boyz II Men,In My Life,RnB,8
TRAWODX128F42AC413,Peter Gallagher,Everytime It Rains,Pop,18
TRAEVRI128F93608F3,Phil Collins,Welcome,Pop,3
TRAKHXX128E07877EB,Red Hot Chili Peppers,Emit Remmus (Album Version),Rock,3
TRAUZTR128F9351D2A,Michael Jackson,I Wanna Be Where You Are,Pop,14
TRATJXC128F93124CE,Darden Smith,Perfect Moment,Country,18
TRBDYIC128F92F1D17,Slum Village,CB4,Rap,20
TRAFMPX128F4246C49,Ill Nino,All I Ask For (Album Version),Rock,23
TRAYMFR12903D09540,Skeeter Davis,My Sweet Loving Man,Rock,14
TRAKOEB128F1478783,Rise Against,Intro/Chamber The Cartridge,Rock,12
TRAAZGC12903CB5DFB,The Jeff Healey Band,Hoochie Coochie Man,Blues,21
TRBFUNY128C7196B7D,The Disposable Heroes Of Hiphoprisy,Music And Politics,Rap,10
TRAPIPG128F42521C6,Carlos Vives,Decimas,Latin,2
TRARSAM128F4256E04,Månegarm,Vargbrodern Talar,Metal,13
TRBIBTU128F92FDC9D,Tim Exile,Fortress,Electronic,23
TRBAAOT128F4261A18,Harry Connick_ Jr.,Once,Jazz,12
TRAHCVT128F4282806,L.A. Guns,Magdalaine,Rock,1
TRADRHX12903CCD1DF,T.G. Sheppard,Only One You,Country,12
TRAQKPR128F427DDF8,Gerard Lenorman,Voici Les Clés,Rock,0
TRARJPL128F931C7D2,The Almost,Summer Summer,Rock,3
TRAUONA128F4255A38,Gorillaz,November Has Come,Rock,20
TRANPXL128F42B8FED,Sylver,Sympathy,Electronic,11
TRABXLH128F935F8E7,Dee Clark,Little Bitty Pretty One,Pop,21
TRBBHPQ128F145A7F8,John Mellencamp,Down And Out In Paradise,Rock,21
TRAJPIQ128F14819A8,The Rapture,The Devil,Rock,23
TRAVXBL128F42BB389,Michael Jackson,Girl You're So Together,Pop,14
TRABZCL128E0789AED,Shelby Lynne,Old Times Sake,Country,8
TRBCTRX128F4299237,Wyclef Jean featuring Prodigy of Mobb Deep,Rebel Music,RnB,5
TRAPQNA128F93000EB,Patsy Cline,A Poor Man's Roses,Country,21
TRAFQFM128E078EC97,Eminem,The Way I Am,Rap,21
TRBDSFP128E07937B9,Temple Of The Dog,Hunger Strike,Rock,13
TRBGZKO128F92DB016,Bloc Party,Zephyrus,Rock,1
TRBFVZI128F147FCAF,Phil Collins,Please Come Out Tonight,Pop,8
TRBCMSO128F92E6AE5,Eagles Of Death Metal,(I Used To Couldn't Dance) Tight Pants,Rock,14
TRAQSWI128F9343039,Shawn Colvin,Cry Like An Angel,Folk,1
TRBDNGV128F42895AE,Eddy Arnold,What's He Doin' In My World,Country,4
TRAPVDC128F422C711,Wolfchant,Guardians Of The Forest,Rock,23
TRAUWRW128F9358C69,Jay-Z,Change Clothes,Rap,11
TRATDDF128F4294E6A,Kent,Vad två öron klarar,Rock,13
TRBATEY128F4285370,Hank Locklin,Why Baby Why,Country,13
TRBEOUP12903CF652E,Joe Bonamassa,So Many Roads,Blues,1
TRAYDYV128F42906E1,Mindy McCready,Breakin' It,Country,22
TRBCGRI128F93355E9,Teenage Fanclub,It's All In My Mind,Rock,8
TRAWSSL12903CC4734,Zombina & The Skeletones,Can't Break a Dead Girl's Heart,Rock,17
TRAFOKY128F4276D91,Dead Prez,Assassination,Rap,21
TRAGYJM128EF3466D2,Dinosaur Jr.,Been There All The Time,Rock,8
TRAKXIR128F92CF85A,Mark Wills,That's A Woman,Country,21
TRBFLER128F148C52B,The Mighty Mighty Bosstones,Pictures To Prove It,Reggae,21
TRBBAHD128F428E0FE,Tones On Tail,Burning Skies,Rock,1
TRBCJUF128F93190C2,Lily Allen,Everyone's At It,Pop,5
TRAPTRH128F4271659,Johnny Winter,Be Careful With A Fool,Blues,9
TRARUOP12903CF2384,Shadows Fall,What Drives The Weak,Metal,5
TRAJAZP128F4290FF9,Mastodon,Megalodon,Metal,23
TRALJVQ128F428C764,Eagles,I Don't Want To Hear Any More,Rock,8
TRADZXK128F429DB92,The Killers,Show You How,Rock,20
TRASYSY128F92F39F5,Circle Jerks,Group Sex,Punk,3
TRAGLFE128F428566B,Patrick Bruel,Au Bout De La Marelle,Pop,0
TRAJEZT128E0795DF3,Rea_ Chris,E,Pop,8
TRAACHN128F1489601,Five Bolt Main,Made Like This (Live),Rock,10
TRAIKBB128F428AD73,Connie Smith,I'll Come Running,Country,14
TRAKARY128F427253E,The Ataris,The Hero Dies in This One,Rock,12
TRADFJJ128F934857E,Rancid,LA River (Acoustic),Rock,2
TRACBWX128F92FD725,Zombie Girl,I Want It,Electronic,23
TRANIPA128F93151A2,Dionne Warwick,Just One Of Those Things,RnB,8
TRAJZYI128F424B412,45 Grave,Party Time,Rock,7
TRAFUWI128F934C730,GWAR,Surf of Syn,Metal,23
TRAKRXN128F42670BE,Margaret Becker,Cave It In,Rock,13
TRBCHSH128F93304E1,Smut Peddlers,Playstation Generation,Punk,24
TRAHCRI128F4255C6E,Asleep At The Wheel,Let Me Go Home Whiskey,Country,16
TRAYYCA128F422B2A1,Panzer AG,bereit,Electronic,15
TRAHJCI128F92FFB38,Kool Moe Dee,Knowledge Is King,Rap,24
TRBFUSW128F92D0357,Barry Manilow,Say Goodbye,Pop,8
TRBFSKB128F145C5B1,VHS Or Beta,Forever,Rock,14
TRAXUQL128F932D6C4,Kelly Sweet,Ready For Love,Pop,14
TRATQUI128F9347C68,The Sterns,Supreme Girl,Rock,11
TRATESL128F92F12DF,Ray Price,Make The World Go Away,Country,8
TRAGNBQ128F149CB93,Fall Out Boy,The Carpal Tunnel Of Love,Rock,17
TRAPOYU128F42644C3,Helmet,Tic,Rock,8
TRAUVSF128F14A0B6F,ATB,Collides With Beauty,Electronic,12
TRAUOUZ128E078F8BB,Eazy-E,I'mma Break It Down,Rap,24
TRATTAF128F147CA09,Yahir,No Te Apartes De Mi,Latin,2
TRBHPGG128F428C972,The Mad Capsule Markets,Loud Up!!,Rock,4
TRACSBL128F42480E8,The Presets,Yippiyo-Ay,Electronic,5
TRADQJL128F92D9957,The Presets,If I Know You,Electronic,8
TRAWOCY128F145B051,Jay & The Americans,Some Enchanted Evening,Pop,12
TRAPHZT128F147A02B,AFI,Affliction,Rock,16
TRAOREE128F934DB89,Kool Keith,Don't Crush It,Rap,21
TRAKKOH128F42AF40E,Jennifer Lopez,Por Arriesgarnos,Pop,2
TRAOCOE128F4276D18,The Clash,Life Is Wild,Punk,10
TRAPVXU128F149E7CD,Faces,Stay With Me,Rock,18
TRBAFBU128F427EFCE,Free,Woman,Rock,14
TRAFCVI128C7196BE6,Steel Pulse,We Can Do It,Reggae,23
TRAMESI128F93509F7,Britt Nicole,Set The World On Fire,Pop,14
TRAMLZC128F92F3EB9,Andrew W.K.,Long Live The Party,Rock,20
TRAOKXG128F4232497,Blue Rodeo,Up On That Cloud,Rock,1
TRAURRO128F1489B2C,Pennywise,6TH Avenue Nightmare,Punk,8
TRBFIAK128E07823AA,Funeral For A Friend,Your Revolution Is A Joke,Rock,18
TRBCBXZ128F14628C3,Lighthouse Family,Ocean Drive,Pop,18
TRBFPRL128F14569B9,Leona Naess,Paper Thin,Rock,13
TRAXMWV128F14612AB,Carlos Ponce,Quiero,Latin,2
TRBBOPV12903CFB50F,The Ronettes,Born To Be Together,Pop,14
TRARODV128F1460DBC,The Starting Line,A Goodnight's Sleep,Rock,16
TRBIDUK128F42806A4,Tampa Red,No Matter How She Done It,Blues,20
TRARYCL128F1456224,The Moody Blues,Tuesday Afternoon,Rock,8
TRAKLML128E07999DA,Ms. Dynamite,Unbreakable,RnB,14
TRAPMTM128F425B4E5,Cartel,Georgia,Rock,18
TRBHDGL128F42324A7,Abysmal Dawn,Programmed to Consume,Rock,23
TRBDUXD128F148328A,Fergie,Velvet,Pop,3
TRBDIMX128F147A307,Sergio Mendes,Puzzle of Hearts,Latin,14
TRASYVP12903D09590,Candlebox,Breathe Me In,Rock,12
TRACFAP128E07862C1,DMX,Damien,Rap,20
TRBEFFG128E0793C24,Monster Magnet,Black Celebration,Rock,16
TRAPJPD128F14572B3,Vixen,American Dream,Rock,18
TRARKGW128F92EB8F9,New Order,Guilty Partner,Rock,8
TRBHEVR128F4263CE0,Firehouse,Don't Treat Me Bad,Rock,8
TRBCTBG128F42B7E1B,Rubyhorse,Evergreen,Rock,18
TRAAGPF12903CE027E,Slim Whitman,Indian Love Call,Country,8
TRAWRHQ128F1495E6B,Sergio Mendes,O Morro (Live At El Matador_ San Francisco),Jazz,2
TRASIWA12903CFFC4D,Lady Saw,Get A Straw,Reggae,19
TRABLMN128E0792687,Weezer,Don't Let Go,Rock,8
TRAVGFT128F424278B,Café Quijano,Hablando A Un Cristal,Pop,2
TRAUWWP12903CC79CB,Keep Of Kalessin,Ascendant,Metal,23
TRATBVA128F9312ACC,Weezer,I Don't Want To Let You Go,Rock,12
TRBGWWM12903CCE627,Weezer,Mykel And Carli,Rock,21
TRADDRF128F145869F,Simple Minds,Careful In Career,Rock,17
TRAYUKR128F9344BB4,Leningrad Cowboys,Ulan Bator Girls,Rock,22
TRASYWM128F14804A5,The Panic Channel,Said You'd Be,Rock,3
TRBHAAK128F92E27BF,Wyclef Jean,Jean Dominique Intro,Rap,3
TRBFKHT128F427215E,Sophie B. Hawkins,I Want You,Rock,1
TRAQSPU128F422146B,Halfway to Gone,Black Night,Rock,16
TRBAJRL128F1482E66,The Summer Obsession,Where You Belong,Rock,7
TRAAVGB12903CFAA99,Hank Locklin,Filipino Baby,Country,18
TRALKHJ128F92E9D36,Leroy Van Dyke,If A Woman Answers,Country,8
TRAZZLJ128E07945F2,Eric B. & Rakim,Follow The Leader,Rap,24
TRAKHUW12903CF0048,Old Man's Child,Towards Eternity,Rock,23
TRAQVUG128F4286DE3,Joy Division,Transmission - [The Factory_ Manchester Live 11 April 1980],Pop,7
TRBGWEG12903CFF7EE,Twenty 4 Seven,You Gotta Be Safe,Pop,8
TRAATIU128F4291A84,Mastodon,Shadows That Move,Metal,24
TRACTHF128F4295A22,Kris Kristofferson,Road Warrior's Lament,Country,1
TRAAAFD128F92F423A,Gob,Face the Ashes,Punk,12
TRAPQBU128F934C32D,Primordial,Here I Am King,Metal,1
TRAYXPS128F422842E,Plasmatics,Lightning Breaks,Rock,8
TRAEFDK128F1473B92,The Impressions,This Is My Country,RnB,5
TRABGHG128F934B27E,UFO,Chains Chains (Live In Hammersmith),Rock,7
TRBGTPK128F429E5D5,Aesop Rock,Coma,Rap,23
TRATTNI128E0799697,Faith Hill,I Want You (Album Version),Country,14
TRAWAXV128F92E075C,Information Society,Empty,Pop,8
TRBEYJR128F4292651,Toni Braxton,Tell Me,RnB,9
TRAZYVR128F4280A24,Northern State,Last Night,Rap,12
TRBICRP128F42882BB,Dungeon Family,Follow The Light,Rap,18
TRAAOIN128F9303790,Test Icicles,Snowball,Rock,22
TRAFABO128F933DE53,Finntroll,Grottans Barn,Metal,13
TRAQTYT12903D134AC,Billie Jo Spears,What I've Got In Mind,Country,8
TRBHEBY128F148CF2B,Sister Hazel,Concede,Rock,14
TRAWFZB128F92FFB99,Jefferson Starship,Stairway To Cleveland,Rock,4
TRATWYC12903CE60D6,The Dillinger Escape Plan,Parasitic Twins,Rock,23
TRAMLGE128F92F81DD,Noisettes,Don't Upset The Rhythm (Go Baby Go),Pop,19
TRATFEN128F14A3A6E,Bobbie Gentry,Ace Insurance Man,Country,21
TRAYABW128F4235888,NOFX,We March To The Beat Of Indifferent Drum,Punk,24
TRBAOJU128F42621E6,The Distillers,Ask The Angels,Punk,1
TRAJXNB128F4261F43,Steve Vai,Brother,Rock,14
TRAEPZJ12903CB00C4,Unearth,Fuel the Fire,Metal,23
TRAYYAU128F92D58D0,Aaron Watson,Whiskey on the Fire,Country,17
TRABDTV128E0791839,Natural Elements,Mayday,Rap,23
TRBHGUK128E078E031,Jesus Jones,Yellow Brown,Rock,18
TRBFURI128F1455498,KT Tunstall,Under The Weather,Pop,8
TRAYDJL128F145F261,Suzi Quatro,Too Big,Rock,9
TRABYAR128F931B1A4,Robben Ford,Something For The Pain,Blues,14
TRACTUH128F92C93A3,Eddie Money,Two Tickets To Paradise,Rock,7
TRAYKTU128F934C82A,Y&T,Mean Streak,Rock,8
TRAEVHU128F92D9EA0,Blue October,My Never,Rock,8
TRAMPWN128F934C221,Unearth,Crow Killer,Metal,23
TRAAAEF128F4273421,Adam Ant,Something Girls,Rock,11
TRAJPPX128F4259FD4,Adam Ant,Friend Or Foe,Rock,5
TRAXJOA128F93474E8,Nicho Hinojosa,Tus Viejas Cartas,Latin,2
TRBGRGT12903CC5019,Open Hand,11th Street,Rock,8
TRAMDUW12903CB5100,brokeNCYDE,Schitzo,Pop,12
TRASYQQ128F425092B,The Killers,Mr. Brightside (Jacques Lu Cont's Thin White Duke Mix),Rock,22
TRAWVWS128F42ADCD1,Corona,You Gotta Be Movin',Electronic,9
TRAQYOC128F9341CDC,Busta Rhymes,Genesis,Rap,20
TRBDCAH128EF362D31,The Pharcyde,Passin' Me By,Rap,21
TRBHJJP128F145EA12,Pat Green,Threadbare Gypsy Soul,Country,14
TRAHXWI128F428B7DA,Geggy Tah,Special Someone,Rock,12
TRAGVAO128F4289B5D,Mobb Deep,Up North Trip,Rap,20
TRACMHD128F931FB14,Ensiferum,Hero In A Dream,Metal,23
TRBHLDQ128F423EF10,The White Stripes,Blue Orchid,Rock,7
TRBDKQI128F1465028,Milk Inc.,Nothing To You,Electronic,8
TRAPZLI128F92DB0CD,Dendemann,Dendemänner braucht das Land,Rap,15
TRAYJOF128F92F9EEA,Kelly Clarkson,Cry,Pop,8
TRBEFJE128F932139E,Eleanor McEvoy,Sophie,Pop,6
TRBFMFO128F421BFD4,Tranzas,Serenata,Latin,2
TRADPDI128F92EBD32,Monster Magnet,CNN War Theme,Rock,18
TRABJIX128C7196953,Amy Winehouse,Stronger Than Me,RnB,3
TRANJWP128F428560C,Estopa,Exiliado En El Lavabo,Latin,2
TRAVBAH128F9305DFC,Helmet,Give It,Rock,12
TRBCCAJ128F148CBBB,EPMD,Check 1_2,Rap,20
TRAENGX12903CBDFF6,The Pineapple Thief,Snowdrops,Rock,17
TRBGBUY128F422B413,Casiotone For The Painfully Alone,Attic Room,Electronic,12
TRAGBND128F92FC400,Rokia Traoré,Château de sable,World,0
TRBALIJ128F14884B5,Iggy Pop,Main Street Eyes,Rock,20
TRARBGM12903CC5026,Open Hand,Never Alone,Rock,8
TRAILUH128E0784D6D,Michael McDonald,Nowhere To Run,RnB,20
TRBFMTO128F9322AE7,The Rolling Stones,Start Me Up,Rock,10
TRALCCO12903CEBB97,Modern Lovers,She cracked,Rock,5
TRACVSS128E07846A7,Snow Patrol,Half The Fun,Rock,8
TRBHYTA128F93425AC,Ricardo Arjona,Ayudame Freud,Latin,2
TRANRFB128F1481F1E,Robert Palmer,Looking For Clues,Rock,9
TRADJGI128F148B0F6,Jonny Lang,The One I Got,Blues,8
TRALRTY128F428BE43,Usher,I Need Love,RnB,14
TRAYKZI128F932B9E8,Evergreen Terrace,We're Always Losing Blood,Metal,22
TRAWGLP128F92DE5AD,Spongebob Squarepants,Ripped Pants,Pop,7
TRAONNA128F4268CCA,Mobb Deep,Where Ya Heart At,Rap,20
TRAOYHS128F427EF8B,Daniel Johnston,Desperate Man Blues,Rock,17
TRBATKI128F4284D54,Joy Enriquez,Between You And Me,Pop,8
TRAPQQI128F1460D64,Mötley Crüe,Hell On High Heels,Rock,9
TRBDHUR128F423EC48,Love and Rockets,Sweet Lover Hangover,Rock,16
TRBFJKU12903CEDB0C,Butthole Surfers,22 Going On 23,Rock,5
TRBAFWX12903CA9831,The Black Crowes,Roll Old Jeremiah,Rock,16
TRAKCFG128F149D9B7,Tracy Byrd,Walkin' In,Country,4
TRATDDM128F93417AF,Los Auténticos Decadentes,El Gran Señor,Latin,2
TRAZOEU128F92E28DD,Willy DeVille,Louise,Rock,12
TRAZHZI128F930653D,The Sensational Alex Harvey Band,Framed,Rock,13
TRAQEOP12903CA65E2,Shakira,Tú,Pop,2
TRBFYJE128F14A8ABF,Steel Pulse,Man No Sober (LP Version),Reggae,21
TRADSQZ128F42707D7,Silverchair,Suicidal Dream,Rock,20
TRAXOQP128F930DD49,Mungo Jerry,Pushbike Song,Pop,10
TRBBQPP128F92EE611,Bob Marley & The Wailers,Three Little Birds,Reggae,14
TRANWOF12903CB3E19,The Crystal Method,Realizer,Electronic,1
TRBEQFT128F4238A28,T.O.K.,Chi Chi Man,Reggae,19
TRARTJL128F92CB44B,Bon Jovi,Raise Your Hands,Rock,17
TRAYPMR128E0785DD1,Nick Cave & The Bad Seeds,Loverman,Rock,12
TRAKAGL128F148B3B7,Tesla,Gettin' Better,Rock,4
TRAJIUK128F42668E6,Firehouse,Rock On The Radio,Rock,7
TRAOUOI128F4290E44,Jim Reeves,Rosa Rio,Country,1
TRBHQHN128F148A1B3,Dinosaur Jr,Green Mind,Rock,8
TRBBDPA12903CCCA06,Autumnblaze,Haughtiness And Puerile Dreams,Metal,12
TRAFIHK12903CBDFF1,The Pineapple Thief,Boxing Day,Rock,10
TRAHBQT128F4213403,Blackalicious,Ego Trip by Nikki Giovanni,Rap,21
TRAZSJY128F92CCEA0,Eric Burdon,Leo's place,Rock,12
TRAHXGG128F9350452,Korn,Right Now,Rock,8
TRADMFK12903CC2478,Open Hand,The Ambush,Rock,8
TRBGFUW12903CA0E6B,Alice Cooper,Goin' To The River,Rock,17
TRBHKCL128F425A036,George Michael,Shoot The Dog,Pop,21
TRAJTYX128F145AD24,Be Bop Deluxe,Between The Worlds,Rock,18
TRAGDPH128F9344020,Dead To Me,Don't Lie,Punk,17
TRAIJMG12903D08168,L7,This Ain't Pleasure,Rock,19
TRAGMXK128F9305A50,Bersuit Vergarabat,De Onda,Latin,2
TRBBVNR128E078E1E4,Black Eyed Peas,Tell Your Momma Come,Rap,3
TRAHUQT128F4281228,Nickelback,We Will Rock You,Rock,4
TRAKXMS12903CB36F2,DAVE MATTHEWS BAND,The Space Between,Rock,12
TRARJEK128F930B3AA,Stevie Ray Vaughan And Double Trouble,Couldn't Stand The Weather,Blues,8
TRARKRC128E0791D82,Extreme,Song For Love,Rock,10
TRBDMCC128F9358267,Roger Creager,The Everclear Song,Country,21
TRAQYUA128F428742F,Mississippi Fred McDowell,You Gotta Move,Blues,10
TRAUVUF128F148D1AA,The Misfits,Dig Up Her Bones,Punk,21
TRAUNNH12903CB038C,Keep Of Kalessin,Many Are We,Rock,23
TRAKWXV128F42889FB,Hotwire,Not Today,Rock,8
TRABBXU128F92FEF48,Mitch Ryder,Jenny Take a Ride,Pop,24
TRAGAAF128F9338911,Joe McBride,This Is How A Heart Breaks,Jazz,17
TRARBJW128E0788A1A,Inspiral Carpets,Keep The Circle Around,Rock,12
TRAMMDM128F425EAA9,Wyclef Jean,Heaven's In New York,Rap,11
TRAZACV128F426983D,Simple Minds,See The Lights (2002 Digital Remaster),Pop,17
TRAIWNA128F145E2CD,Robert Palmer,Love Can Run Faster,Rock,17
TRAINIF128F426416B,Backstreet Boys,The Call,Pop,8
TRASQIB128F426693D,Jennifer Lopez,Ain't It Funny,Pop,8
TRAHSTL128F931708D,Streetwize,No One,Jazz,1
TRAERPT128F931103E,The Rolling Stones,Time Is On My Side,Rock,3
TRBCJIX128F424F99E,2raumwohnung,Mädchen mit Plan,Electronic,15
TRBFICL12903C9CE02,Sweet,Neon Psychedelia,Rock,1
TRASKII128F92FA33E,The Ataris,Whatever Lies Will Help You Rest,Rock,13
TRAEDYD128F425A868,K-OS,Clap Ur Handz,Rap,24
TRBHKKJ128F427A3B1,Wyclef Jean,Midnight Lovers,Rap,24
TRAPDOI128F9327982,Antimatter,Expire,Rock,12
TRAFRKU128F933CE16,The Black Crowes,Girl From A Pawnshop,Rock,12
TRASYIH12903D08529,Nick Jonas & The Administration,State of Emergency,Pop,8
TRAVLXZ128F42A22E4,Jim Reeves,May The Good Lord Bless And Keep You,Country,18
TRBGJDW128F4292EDB,Alicia Keys,Karma,RnB,19
TRAYGYF128F930CA01,Solas,Clothes Of Sand,Folk,1
TRANPHV128F9344CC3,Nerf Herder,Nervous Breakdown,Punk,21
TRAHCHN128F4276D58,Gipsy Kings,Somos Gitanos,World,2
TRADKAX128E0786B92,Death From Above 1979,Romantic Rights,Rock,7
TRBEVTM128F92FE2B2,The Crystal Method,More,Electronic,18
TRAVLWL128F424EF6A,The All American Rejects,The Future Has Arrived,Rock,22
TRAATPA128F146753C,Extreme,Teacher's Pet,Rock,22
TRAISYU128F427F486,Frankie J,Gone,RnB,8
TRAMBBV128F9337714,Anti-Flag,Tearing Everyone Down,Punk,5
TRANZIL128F42A2670,Dolly Parton,Light Of A Clear Blue Morning,Country,4
TRBHDTL128F1468F7D,The Motors,Dancing The Night Away,Rock,7
TRBBQJZ128F92C5AF2,Blue Rodeo,Fools Like You,Rock,23
TRAWULX128F4291255,Martina McBride,God's Will,Country,21
TRBBJFO12903D074EE,King Tee,King Tee Production,Rap,24
TRBEHNT128E0792546,Monster Magnet,Down In The Jungle,Rock,7
TRACUCT128F422BC2F,Photo Atlas,Red Orange Yellow,Rock,8
TRADCHC128F42134B5,Blackalicious,Rock the Spot,Rap,24
TRALNOD128F4264AEB,Teena Marie,Help Youngblood Get To the Freaky Party,RnB,20
TRAEUIW12903D018F0,Jack Johnson,You And Your Heart,Rock,8
TRAIZQI128F42A51F9,Matisyahu,Refuge,Reggae,1
TRAGOVG128F42A963D,Korn,Make Me Bad,Rock,8
TRAGEQI128F429154D,Bongzilla,Cutdown,Metal,23
TRAJHHE128F146815C,Freddie King,Hide Away,Blues,14
TRAWLGG128F42884CA,Usher,Pianolude,RnB,9
TRAFAQY12903CA70F7,The Suicide Machines,Your Silence,Rock,23
TRAWSYF128F149431A,Vangelis,Twilight,New Age,1
TRBFVZZ128F92FD7B5,Huey Dunbar,Llegaste Tú,Latin,2
TRAWIJG128F42B502C,Shania Twain,Two Hearts One Love,Country,14
TRAJBSL128F428A021,Jim Reeves,I Guess I'm Crazy,Country,4
TRBBMQN128EF35F995,Maroon 5,Through With You,Pop,14
TRAPPUN128F429400B,Foo Fighters,Overdrive,Rock,12
TRAQEUQ128F425282E,Behemoth,Chant For Eschaton 2000,Metal,23
TRAUODU128F9307467,DAVE MATTHEWS BAND,Tripping Billies,Rock,1
TRBBBMT128F42A0A4E,FU-Schnickens,True Fuschnick,Rap,24
TRBFEIX128F426A5F8,Silverchair,Roses,Rock,8
TRBENZL128F1455ECA,Roger Miller,Husbands And Wives,Country,3
TRAQDZZ128F42AF66A,Three 6 Mafia,Let's Plan A Robbery,Rap,20
TRAVQBP128F145BB9B,Butthole Surfers,Tongue,Rock,8
TRAJFQF128F92E354E,Tyrone Wells,Baby Don't You Change,Rock,6
TRAPASL128F422BC00,Monty Are I,In This Legacy,Rock,12
TRAUYZG12903CDA4E9,Bon Jovi,This Ain't A Love Song,Rock,8
TRAKOPE128F421CE6A,Patsy Cline,I Cried All The Way To The Altar,Country,8
TRAXDAH128F422BBFC,Monty Are I,O Brother,Rock,8
TRALLSP128F148AD75,Long Beach Dub Allstars,Kablammin' It,Rock,24
TRAABVM128F92CA9DC,Tesla,Caught In A Dream,Rock,4
TRAAXUY128F426BA55,Gene Clark,Set You Free This Time,Rock,8
TRBCNWM128F92D50EC,50 Cent,U Not Like Me,Rap,20
TRABTXS128F92E2FDC,Zeromancer,Ammonite,Metal,17
TRAPYVH128F428CFD7,Daughters,Pants_ Meet Shit,Rock,12
TRBHZYO128E07862BE,DMX,Look Thru My Eyes,Rap,20
TRAMOPU128E07888FD,The Smashing Pumpkins,Rocket,Rock,23
TRADZQV128F14A5760,Little Eva,The Loco-Motion,RnB,9
TRBCANP128F92FA6B9,Evanescence,Good Enough,Pop,8
TRBHMMC128F424991B,Fulanito,Lado A Lado (Bomba Carnaval Mix),Latin,1
TRAHORF12903CDA9FB,Minipop,Fingerprints,Pop,1
TRAOJZC128F14932D5,The Cure,Lost,Rock,14
TRAMKKJ128F1463612,Burning Spear,Tumble Down,Reggae,6
TRAGHBP128E0793AF7,The Police,Wrapped Around Your Finger,Rock,22
TRASBZK128F42692CA,Amorphis,Crimson Wave,Metal,12
TRBGRWH128F92E3551,Tyrone Wells,Need,Rock,12
TRAAFMS128F933AB23,Soda Stereo,Entre Caníbales,Latin,2
TRAUWQL128F424696E,Elvenking,Trows Kind,Rock,1
TRAHFHR12903CCCAF8,Andrew W.K.,Can You Dance With Me?,Rock,7
TRAMGPM128F9311196,Arctic Monkeys,From The Ritz To The Rubble,Rock,8
TRAZSCZ128F42554F4,John Fogerty,Don't You Wish It Was True,Rock,18
TRAUGRD128F425E997,Anna Abreu,Shame,Pop,17
TRAWTGS128F14569A8,Leona Naess,Chase,Rock,22
TRAXRGF128F930A59F,Beastie Boys,Flute Loop (2009 Digital Remaster),Rap,24
TRARIRG128F147FC96,Phil Collins,I'm Not Moving,Pop,8
TRBEWCS128F428BA34,NOFX,Bath Of Least Resistance,Punk,10
TRASSZI128F146EC5F,Snow Patrol,In My Arms,Rock,8
TRAEAZV12903D0CBA6,Enter the Haggis,Skyswimmer,Rock,1
TRAWSXV128F4273E35,Mobb Deep,Hell On Earth (Front Lines),Rap,20
TRBHOXV128F92FBB72,Eddy Arnold,Molly Darling,Country,14
TRAJLOY128F92E4EAF,Saga,Believe,Rock,8
TRADESF128F4214D8E,Guns N' Roses,Mama Kin,Rock,22
TRAQTOS128F428E94B,SKYCLAD,The One Piece Puzzle,Metal,8
TRBEIYU128F92E88A9,Johnny Horton,The Golden Rocket,Country,4
TRAPVRU128F9302300,SKOLD vs. KMFDM,All Or Nothing,Electronic,21
TRAGSJQ128F149EF8D,Every Time I Die,California_ Gracefully,Metal,23
TRAXIYW12903CB4343,Goatwhore,Sky Inferno,Metal,23
TRANRGP128F1465737,Bryan Ferry,Going Down,Rock,21
TRAFYYU128F4229376,Every Time I Die,Depressionista,Rock,10
TRBGIDU128F4241A2E,Schoolyard Heroes,The Last Man On Earth,Rock,17
TRAYZXS12903CF1C4F,Old Man's Child,Life Deprived,Rock,23
TRAUTXO128F4263C8E,Loretta Lynn,I'd Rather Have Jesus,Country,18
TRBDDTT128F4291192,Soilent Green,Pretty Smiles & Shattered Teeth,Metal,12
TRAQEVV128EF34E413,Sick Puppies,Deliverance,Rock,22
TRBFIUJ12903CFEB7C,Winds Of Plague,Origins And Endings,Rock,23
TRAFLZY128F148959F,My Chemical Romance,House Of Wolves (Album Version),Rock,5
TRAZYYE128F1456A0E,Brenda Lee,Everybody Loves Me But You,Country,8
TRBHCXR128F92E7D0E,Descendents,Cheer,Punk,14
TRAUXSK128F427C58D,Anti-Flag,The Modern Rome Burning,Punk,23
TRABLLK128F428FFAF,George Harrison,Hear Me Lord (2001 Digital Remaster),Rock,18
TRAXWLM128F1453E3B,Juelz Santana,There It Go (The Whistle Song),Rap,9
TRAFMME128F932B4D5,Aiden,Killing Machine,Rock,23
TRBIGRY128F42597B3,Sade,All About Our Love,RnB,14
TRAWTUV128F426DD46,Happy Mondays,Grandbag's Funeral,Rock,18
TRAISYO128E07888A6,Mariah Carey,Mine Again,RnB,12
TRAWDWZ128F9340E55,Chris Brown,Famous Girl,RnB,11
TRBBVBM128F4276D82,Teenage Fanclub,I Don't Know,Rock,21
TRBGICJ128F427BA9A,Mustafa Sandal,Beni Aglatma,Rock,13
TRAETTV12903CBBD09,Jimi Hendrix,Voodoo Chile Blues,Blues,1
TRAAPPQ128F14961F5,The B-52's,Wig,Rock,1
TRALOBE12903CDA6C5,BT,Mercury & Solace,Electronic,18
TRAOMDT12903CF73C3,Adrienne Pierce,Laundry & Dishes,Pop,8
TRAQYZI128F4273CF3,Electric Light Orchestra,Indian Queen,Rock,18
TRAGAGQ128E0781352,The Stranglers,It Only Takes Two To Tango,Rock,7
TRBGNAF128F9339532,SUMO,Noche De Paz,Latin,18
TRAXLIU128E07860D4,DMX,I'ma Bang,Rap,20
TRANZRO128F4278401,Emilio,Even If I Tried,Country,8
TRBFGFF12903CF4183,OV7,Volvere,Latin,2
TRBBWDJ128F42595D5,U2,October,Rock,1
TRBAHID128F4278EAF,Shakira,Objection (Tango),Pop,5
TRBGPCC128F428FF02,Suicidal Tendencies,Looking In Your Eyes,Metal,12
TRAAQIH128F428BDEA,Busdriver,(Bloody Paw On The) Kill Floor,Rap,19
TRABVWG128F9359323,Mötley Crüe,Get It For Free,Rock,11
TRAWCQE128F14676AC,Lifehouse,Simon,Rock,12
TRASSZL128F428FA5D,Obie Bermudez,Celos,Latin,2
TRADAYS12903CDBE0F,Furry Lewis,Judge Boushay Blues,Blues,21
TRBAHJW128F92CC8B4,Swallow The Sun,Doomed To Walk The Earth,Metal,23
TRAWKPT128E0795428,Saosin,Bury Your Head (Acoustic),Rock,12
TRAMMQW128F42621E1,The Distillers,Oh Serena,Punk,14
TRAHUZS12903C9D9DD,P.o.d,Roman Empire,Metal,12
TRACYDP128F932BC8E,Skeletonwitch,Sacrifice for the Slaughtergod,Metal,23
TRASXSI128F9345EA2,Sick Of It All,Sanctuary,Punk,14
TRADKLT128F9304E1D,The Antlers,Stairs To the Attic,Rock,12
TRAZDTT128F9346306,The Shangri-Las,Out in the Streets,Rock,17
TRAYUCR128E078EE0F,Nirvana,Aneurysm,Rock,24
TRALPGW12903CAFFB5,Evergreen Terrace,Please Hammer Don't Hurt 'Em,Metal,12
TRAXAZZ128F4255FAF,K.I.Z.,Freiwild,Rap,15
TRAGQQK128F42561AB,Edu Lobo,Canto Triste,Jazz,2
TRADGXI128F92EF28F,Set Your Goals,the fallen...,Punk,8
TRBCWOW128F1467692,Long Beach Dub Allstars,Like A Dog,Rock,20
TRAADNA128F9331246,Stevie Ray Vaughan,Crossfire,Blues,3
TRAIPST128F9302AE9,Eminem,Beautiful,Rap,8
TRAYSMW128F1468307,Fun Lovin' Criminals,We Have All The Time In The World,Rock,14
TRAEOOH128F934ACD4,GWAR,Let's Blame The Lightman,Metal,16
TRBGLSW12903CE3D8A,Grandmaster Flash,Underarms,Rap,5
TRBAXDP12903CD1922,AFI,Darling_ I Want To Destroy You,Rock,14
TRAQMNB12903CDD58F,The Berzerker,Compromise,Metal,12
TRAZCOX128F42B6555,Muse,The Small Print,Rock,8
TRAPJFL128F42AA7B4,Foo Fighters,Still,Rock,8
TRBHZAA128F4271AE9,K's Choice,20.000 Seconds,Rock,8
TRATDIZ128F4242796,Café Quijano,En Algún Rincón,Pop,2
TRAZSRV128F1452866,Humanzi,Fix The Cracks,Rock,22
TRAQXJY12903CF3A0E,Steel Pulse,House of Love,Reggae,8
TRATOHC128EF3460DA,Mando Diao,Popovic,Rock,5
TRAEHXW128F146F3C5,Kenny Rogers,The Son Of Hickory Holler's Tramp,Country,17
TRBICGT128E0792473,Guns N' Roses,Patience,Rock,9
TRAPVYD12903CE0269,Enslavement Of Beauty,And Still I Wither,Rock,23
TRAVUAJ128E078EDA2,Aerosmith,What It Takes,Rock,14
TRAZBBP128E07845D4,Kanye West,School Spirit Skit 2,Rap,20
TRAFRCH12903CEA22D,Gob,No Regrets,Rock,12
TRACSIE128F427F98E,Jennifer Lopez,Talk About Us,Pop,14
TRBBXML128F4256DFF,Månegarm,Ur Själslig Död,Metal,23
TRAUOPA128F93537F2,Martin Sexton,Things You Do To Me,Folk,9
TRAWFGF128E0792FE0,Extreme,Stop The World,Rock,10
TRAAZBD128F427A97D,Sticky Fingaz,Oh My God,Rap,23
TRAIWZZ128F9306AFF,Korn,Proud,Rock,8
TRAJKMI128F4281107,Baby D,Let Me Be Your Fantasy,Pop,6
TRADVSU128E0786371,Hem,Redwing,Folk,1
TRABNEX128F92C9DEA,Kings Of Leon,Knocked Up,Rock,17
TRAXGVY128F933E9C9,Eric Burdon,Feeling Blue,Rock,8
TRAEOUE128F93187B9,Sick Puppies,Master Of The Universe,Rock,23
TRBBZOG128F422B02B,Death Cab for Cutie,You Can Do Better Than Me (Album Version),Rock,8
TRBEXUF128F92DF175,Natasha Bedingfield,Love Like This,Pop,14
TRASZQB12903CAAE1B,Hellsongs,Rock The Night,Rock,21
TRALBIA128F4272082,Britt Nicole,Good Day,Pop,8
TRANCCN128E0794B18,30 Seconds To Mars,Hunter,Rock,23
TRAZLLR128F42A8DCC,Ayo,These Days,RnB,23
TRBBMLR128F1466822,Captain Beefheart & The Magic Band,On Tomorrow,Rock,6
TRAZRBR128E0782989,Nick Cave & The Bad Seeds,Where Do We Go Now But Nowhere,Rock,14
TRBEUKI128F9318306,Mississippi John Hurt,Monday Morning Blues,Blues,16
TRAUCZX128F149D9AE,Tracy Byrd,Walking To Jerusalem,Country,4
TRATMAL128F427EC8D,Java,Cendrier,Pop,0
TRAMFRD128E07833DA,Dolly Parton,When Jesus Comes Calling For Me,Country,18
TRAUDRC128F148D15E,Jimmy Page,Hummingbird,Rock,14
TRASCWR12903CCC575,Jimi Hendrix,Hear My Train A Comin',Blues,9
TRAPMRB128E078E21E,Ms. Dynamite,Natural High (Interlude),Rap,20
TRAXBUJ128F4247432,H-Town,Sex Dance,RnB,9
TRAXQZA128F1463DEB,Jimmy Page / Robert Plant,Thank You,Rock,14
TRAYICR128F4282520,Kyle Riabko,Doesn't Get Much Better,Pop,16
TRATUPO128F9305A5C,The Knux,Bang! Bang!,Rap,20
TRALHMS128F930C08C,Converge,Dark Horse,Metal,23
TRACBLO128E0784286,Spinal Tap,The Majesty Of Rock,Rock,23
TRAOJMY128E07836D9,Helmet,Everybody Loves You,Metal,4
TRAAPIV128F1493132,Gary Moore,What Are We Here For,Rock,8
TRBDFCT128F4285E05,Dottie West,Country Girl,Country,11
TRBFJPO128F4295BE3,Shakira,Estoy Aquí,Latin,2
TRBFHRA128F424D28A,Bessie Smith,Chicago Bound Blues,Blues,1
TRAXOQD12903CDD59D,The Berzerker,Pure Hatred,Metal,21
TRARDUI12903CBF6B6,K.I.Z.,Autofokus,Rap,15
TRBHIJC128F92E55E2,Furry Lewis,Rock Island Blues,Blues,18
TRAPDIO128F933C680,Pursuit Of Happiness,She's So Young,Rock,8
TRANUME128E0789D4C,Fountains Of Wayne,Janice's Party,Rock,16
TRAVWTN128F425D2D5,John Fogerty,Headlines,Rock,16
TRAKORW128F1484DF0,Janet Jackson,Hold On Baby,Pop,9
TRBCUBV128F145F7E9,Jack Johnson,It's All Understood,Rock,21
TRAZJOI12903CDA550,Bon Jovi,The Distance,Rock,1
TRAYUCR128F92E574F,Santana,Interplanetary Party,Rock,20
TRAPLMD128F932FF43,Metallica,Metal Militia,Rock,23
TRAPMTY128F1459DA1,Josh Turner,What It Ain't,Country,21
TRANIJQ128F4298A10,Kiss,Domino,Rock,21
TRABIPA128F1458F79,Public Image Ltd,Ease,Rock,14
TRAFAAS12903CF0BE2,Moonspell,Tired,Rock,12
TRAPMYO128F14903F5,Anneli Drecker,Fire Alarm,Rock,8
TRABRMJ128E0780E42,Blink-182,A New Hope,Pop,1
TRASZSF128F428B8F3,Charley Pride,(I'm So) Afraid Of Losing You Again,Country,22
TRANSYV128F428A00C,Jim Reeves,Mexican Joe,Rock,22
TRANULO128F422E6FE,Nightfall,Death Of Neira,Metal,23
TRAEQQE128F42920E3,Skeeter Davis,He Says The Same Things To Me,Country,14
TRBAWKB128F931BAEE,Owl City,On The Wing,Pop,12
TRATMDD12903D11C7A,Patsy Cline,Stop The World And Let Me Off,Country,14
TRARFXI128F1468CE3,Albert Collins,Same Old Thing,Blues,14
TRBIFUD128F1495AE2,Hot Boys,Young Riders,Rap,20
TRAECWI128F4226133,Helmet,Your Head,Rock,8
TRBAAGQ128F148D17E,Urge Overkill,Crackbabies,Rock,3
TRAJOIH128F14B08F7,Utopia,Magic Dragon Theatre,Rock,1
TRAIYAT128F931FEA5,The Jets,Curiosity,RnB,2
TRAADLH12903CA70EE,The Suicide Machines,Burning In The Aftermath,Rock,23
TRAQRRD128F425F8E7,Jacques Dutronc,Laquelle Des Deux Est La Plus Snob,Pop,0
TRAMRQS12903D0FD39,Barbara Jones,You Are Always On My Mind,Reggae,8
TRAZWTT128F935AA16,YGGDRASIL,Nordmark,Metal,13
TRAYGQU128F934B4F5,Norther,Fuck You,Metal,20
TRANGIY128F427FA51,Rooney,Get Away,Rock,9
TRAVRJA128F9329C4C,Mudhoney,The Money Will Roll Right In,Rock,21
TRAKQXJ128F147A028,AFI,Summer Shudder,Rock,17
TRAAIAE128F42AC53D,Martina McBride,I Can't Stop Loving You,Country,8
TRAPEIN128E078892E,The Smashing Pumpkins,Rotten Apples,Rock,14
TRBGCLK128F4237A50,Phil Collins,Testify,Pop,14
TRBGMJF128F425E8EA,30 Seconds To Mars,End Of The Beginning,Rock,8
TRBEBWG128F93214A4,Mariah Carey,Outside,Pop,8
TRAOMKV128F428CD51,OutKast,"Return Of The ""G",Rap,20
TRBEELS128F42B63A8,Arc Angels,Sent By Angels,Rock,1
TRAYESZ128F1458FAE,Public Image Ltd,The Order Of Death,Rock,7
TRBGUUE128F1494FB6,David Bowie,Baal's Hymn,Rock,1
TRAJSQA128F4263330,Cali,Resistance,Rock,0
TRBGNCL128F428F56F,Gwen Stefani,4 In The Morning,Pop,14
TRAWHZK12903CB5A01,Everyday Sunday,Comfort Zone,Rock,8
TRBCWYJ128F93213A1,Eleanor McEvoy,Easy To Lose Hope,Pop,22
TRBHJLT128F1460832,UFO,Cherry,Rock,1
